Time (UTC),Channel1,Channel2,Channel3
05/22/21 12:20:15,84.2,,
05/22/21 12:20:20,84.2,,
05/22/21 12:21:10,87.6,,
05/22/21 12:21:15,87.6,,
05/22/21 12:22:10,86.3,,
05/22/21 12:22:15,86.3,,
05/22/21 12:23:10,92,,
05/22/21 12:23:15,92,,
05/22/21 12:24:10,96.8,,
05/22/21 12:24:15,96.8,,
05/22/21 12:25:10,100.6,,
05/22/21 12:25:15,100.9,,
05/22/21 12:25:20,100.9,,
05/22/21 12:26:10,104.8,,
05/22/21 12:26:15,104.8,,
05/22/21 12:27:10,108.2,,
05/22/21 12:27:15,108.2,,
05/22/21 12:28:10,111.4,,
05/22/21 12:28:15,111.4,,
05/22/21 12:29:10,114.2,,
05/22/21 12:29:15,114.2,,
05/22/21 12:30:10,116.9,,
05/22/21 12:30:15,116.9,,
05/22/21 12:31:10,119.4,,
05/22/21 12:31:15,119.4,,
05/22/21 12:32:10,120.1,,
05/22/21 12:32:15,120.1,,
05/22/21 12:33:10,106.2,,
05/22/21 12:33:15,106.2,,
05/22/21 12:34:10,103.5,,
05/22/21 12:34:15,103.5,,
05/22/21 12:35:10,105.3,,
05/22/21 12:35:15,105.3,,
05/22/21 12:36:10,106.9,,
05/22/21 12:36:15,106.9,,
05/22/21 12:37:10,111.9,,
05/22/21 12:37:15,111.9,,
05/22/21 12:38:10,114.2,,
05/22/21 12:38:15,114.2,,
05/22/21 12:39:10,115.5,,
05/22/21 12:39:15,115.5,,
05/22/21 12:40:10,112.6,,
05/22/21 12:40:15,112.6,,
05/22/21 12:41:10,118.8,,
05/22/21 12:41:15,118.8,,
05/22/21 12:42:10,113.2,,
05/22/21 12:42:15,113.2,,
05/22/21 12:43:10,126.7,,
05/22/21 12:43:15,126.7,,
05/22/21 12:44:10,130,,
05/22/21 12:44:15,130,,
05/22/21 12:45:10,130,,
05/22/21 12:45:15,130,,
05/22/21 12:46:10,137.3,,
05/22/21 12:46:15,137.3,,
05/22/21 12:47:10,139.5,,
05/22/21 12:47:15,139.5,,
05/22/21 12:48:10,141.8,,
05/22/21 12:48:15,141.8,,
05/22/21 12:49:10,143.6,,
05/22/21 12:49:15,143.6,,
05/22/21 12:50:10,145,,
05/22/21 12:50:15,145,,
05/22/21 12:51:10,146.2,,
05/22/21 12:51:15,146.2,,
05/22/21 12:52:10,147.5,,
05/22/21 12:52:15,147.5,,
05/22/21 12:53:10,148.7,,
05/22/21 12:53:15,148.7,,
05/22/21 12:54:10,149.9,,
05/22/21 12:54:15,149.9,,
05/22/21 12:55:10,151.1,,
05/22/21 12:55:15,151.2,,
05/22/21 12:55:20,151.2,,
05/22/21 12:56:10,152.4,,
05/22/21 12:56:15,152.4,,
05/22/21 12:57:10,153.4,,
05/22/21 12:57:15,153.4,,
05/22/21 12:58:10,154.5,,
05/22/21 12:58:15,154.5,,
05/22/21 12:59:10,155.6,,
05/22/21 12:59:15,155.6,,
05/22/21 13:00:10,156.5,,
05/22/21 13:00:15,156.5,,
05/22/21 13:01:10,157.8,,
05/22/21 13:01:15,157.8,,
05/22/21 13:02:10,158.8,,
05/22/21 13:02:15,158.8,,
05/22/21 13:03:10,159.9,,
05/22/21 13:03:15,159.9,,
05/22/21 13:04:10,160.7,,
05/22/21 13:04:15,160.7,,
05/22/21 13:05:10,161.9,,
05/22/21 13:05:15,161.9,,
05/22/21 13:06:10,163.1,,
05/22/21 13:06:15,163.1,,
05/22/21 13:07:10,164.3,,
05/22/21 13:07:15,164.3,,
05/22/21 13:08:10,165.6,,
05/22/21 13:08:10,165.6,,
05/22/21 13:09:15,166.7,,
05/22/21 13:09:10,166.7,,
05/22/21 13:10:15,167.8,,
05/22/21 13:10:10,167.8,,
05/22/21 13:11:15,168.8,,
05/22/21 13:11:20,168.8,,
05/22/21 13:12:10,170.2,,
05/22/21 13:12:15,170.2,,
05/22/21 13:13:10,171.7,,
05/22/21 13:13:15,171.7,,
05/22/21 13:14:10,173.3,,
05/22/21 13:14:15,173.3,,
05/22/21 13:15:10,174.6,,
05/22/21 13:15:15,174.6,,
05/22/21 13:16:10,175.5,,
05/22/21 13:16:15,175.5,,
05/22/21 13:17:10,176.8,,
05/22/21 13:17:15,176.8,,
05/22/21 13:18:10,177.8,,
05/22/21 13:18:15,177.8,,
05/22/21 13:19:10,178.9,,
05/22/21 13:19:15,178.9,,
05/22/21 13:20:10,180.3,,
05/22/21 13:20:15,180.3,,
05/22/21 13:21:10,181.4,,
05/22/21 13:21:15,181.4,,
05/22/21 13:22:10,182.6,,
05/22/21 13:22:15,182.6,,
05/22/21 13:23:10,183.9,,
05/22/21 13:23:15,183.9,,
05/22/21 13:24:10,184.8,,
05/22/21 13:24:15,184.8,,
05/22/21 13:25:10,186,,
05/22/21 13:25:15,186,,
05/22/21 13:26:10,187.1,,
05/22/21 13:26:15,187.1,,
05/22/21 13:27:10,211.9,,
05/22/21 13:27:15,211.9,,
05/22/21 13:28:10,215.3,,
05/22/21 13:28:15,215.3,,
05/22/21 13:29:10,217,,
05/22/21 13:29:15,217,,
05/22/21 13:30:10,218.6,,
05/22/21 13:30:15,218.6,,
05/22/21 13:31:10,218.5,,
05/22/21 13:31:15,218.5,,
05/22/21 13:32:10,219.4,,
05/22/21 13:32:15,219.4,,
05/22/21 13:33:10,220.5,,
05/22/21 13:33:15,220.5,,
05/22/21 13:34:10,220.7,,
05/22/21 13:34:15,220.7,,
05/22/21 13:35:10,222.5,,
05/22/21 13:35:15,222.5,,
05/22/21 13:36:10,223,,
05/22/21 13:36:15,223,,
05/22/21 13:37:10,224.7,,
05/22/21 13:37:15,224.7,,
05/22/21 13:38:10,224.2,,
05/22/21 13:38:15,224.2,,
05/22/21 13:39:10,223.6,,
05/22/21 13:39:15,223.6,,
05/22/21 13:40:10,224.6,,
05/22/21 13:40:15,224.6,,
05/22/21 13:41:10,224.3,,
05/22/21 13:41:15,224.3,,
05/22/21 13:42:10,226.6,,
05/22/21 13:42:15,226.6,,
05/22/21 13:43:10,229,,
05/22/21 13:43:15,229,,
05/22/21 13:44:10,232.8,,
05/22/21 13:44:15,232.8,,
05/22/21 13:45:10,237.9,,
05/22/21 13:45:15,237.9,,
05/22/21 13:46:10,200.2,,
05/22/21 13:46:15,200.2,,
05/22/21 13:46:20,,38.7,
05/22/21 13:46:25,,38.7,37
05/22/21 13:46:30,,,37
05/22/21 13:47:10,205.9,,
05/22/21 13:47:10,205.9,,
05/22/21 13:47:15,,37.1,
05/22/21 13:47:20,,37.1,35.3
05/22/21 13:47:25,,,35.3
05/22/21 13:48:10,230,,
05/22/21 13:48:15,230,,
05/22/21 13:48:20,,36.9,
05/22/21 13:48:25,,36.9,35.2
05/22/21 13:48:30,,,35.2
05/22/21 13:49:10,239.6,,
05/22/21 13:49:15,239.6,,
05/22/21 13:49:20,,36.9,
05/22/21 13:49:25,,36.9,35.3
05/22/21 13:49:30,,,35.3
05/22/21 13:50:10,242.4,,
05/22/21 13:50:15,242.4,,
05/22/21 13:50:20,,37.2,
05/22/21 13:50:25,,37.2,35.2
05/22/21 13:50:30,,,35.2
05/22/21 13:51:10,243.1,,
05/22/21 13:51:15,243.1,,
05/22/21 13:51:20,,37.5,
05/22/21 13:51:25,,37.5,35.2
05/22/21 13:51:30,,,35.2
05/22/21 13:52:10,242.6,,
05/22/21 13:52:15,242.6,,
05/22/21 13:52:20,,37.9,
05/22/21 13:52:25,,37.9,35.6
05/22/21 13:52:30,,,35.6
05/22/21 13:53:35,241.7,,
05/22/21 13:53:40,241.7,,
05/22/21 13:53:45,,38.4,
05/22/21 13:53:50,,38.4,35.7
05/22/21 13:53:55,,,35.7
05/22/21 13:54:00,241.4,,
05/22/21 13:54:10,241.4,,
05/22/21 13:54:15,,39.1,
05/22/21 13:54:20,,39.1,36
05/22/21 13:54:25,,,36
05/22/21 13:55:30,242.1,,
05/22/21 13:55:35,242.1,,
05/22/21 13:55:40,,39.9,
05/22/21 13:55:45,,39.9,36
05/22/21 13:55:50,,,36
05/22/21 13:56:10,241.9,,
05/22/21 13:56:15,241.9,,
05/22/21 13:56:20,,40.6,
05/22/21 13:56:25,,40.6,36.4
05/22/21 13:56:30,,,36.4
05/22/21 13:57:35,242.1,,
05/22/21 13:57:40,242.1,,
05/22/21 13:57:45,,41.4,
05/22/21 13:57:50,,41.4,36.7
05/22/21 13:57:55,,,36.7
05/22/21 13:58:00,240.4,,
05/22/21 13:58:10,240.4,,
05/22/21 13:58:15,,42.2,
05/22/21 13:58:20,,42.2,37.1
05/22/21 13:58:25,,,37.1
05/22/21 13:59:30,240.2,,
05/22/21 13:59:35,240.2,,
05/22/21 13:59:40,,43.1,
05/22/21 13:59:15,,43.1,37.6
05/22/21 13:59:50,,,37.6
05/22/21 14:00:05,240.1,,
05/22/21 14:00:10,240.1,,
05/22/21 14:00:15,,44.1,
05/22/21 14:00:20,,44.1,38
05/22/21 14:00:25,,,38
05/22/21 14:01:10,239.8,,
05/22/21 14:01:15,239.8,,
05/22/21 14:01:20,,45.1,
05/22/21 14:01:25,,45.1,38.5
05/22/21 14:01:30,,,38.5
05/22/21 14:02:10,239.9,,
05/22/21 14:02:15,239.9,,
05/22/21 14:02:20,,46,
05/22/21 14:02:25,,46,39.2
05/22/21 14:02:30,,,39.2
05/22/21 14:03:05,240.4,,
05/22/21 14:03:10,240.4,,
05/22/21 14:03:15,,47.1,
05/22/21 14:03:20,,47.1,39.8
05/22/21 14:03:25,,,39.8
05/22/21 14:04:10,240.8,,
05/22/21 14:04:15,240.8,,
05/22/21 14:04:20,,48.2,
05/22/21 14:04:25,,48.2,40.4
05/22/21 14:04:30,,,40.4
05/22/21 14:05:05,241.3,,
05/22/21 14:05:10,241.3,,
05/22/21 14:05:15,,49.4,
05/22/21 14:05:20,,49.4,41.1
05/22/21 14:05:30,,,41.1
05/22/21 14:06:10,241.7,,
05/22/21 14:06:15,241.7,,
05/22/21 14:06:20,,50.5,
05/22/21 14:06:25,,50.5,41.9
05/22/21 14:06:30,,,41.9
05/22/21 14:07:11,242.3,,
05/22/21 14:07:15,242.3,,
05/22/21 14:07:10,,51.8,
05/22/21 14:07:15,,51.8,42.7
05/22/21 14:07:10,,,42.7
05/22/21 14:08:10,243.4,,
05/22/21 14:08:15,243.4,,
05/22/21 14:08:20,,52.9,
05/22/21 14:08:30,,52.9,43.4
05/22/21 14:08:40,,,43.4
05/22/21 14:09:10,242.5,,
05/22/21 14:09:15,242.5,,
05/22/21 14:09:20,,54.2,
05/22/21 14:09:25,,54.2,44.3
05/22/21 14:09:30,,,44.3
05/22/21 14:10:10,242.1,,
05/22/21 14:10:15,242.1,,
05/22/21 14:10:20,,55.6,
05/22/21 14:10:30,,55.6,45.4
05/22/21 14:10:35,,,45.4
05/22/21 14:11:10,243.3,,
05/22/21 14:11:15,243.3,,
05/22/21 14:11:20,,56.8,
05/22/21 14:11:25,,56.8,46.1
05/22/21 14:11:30,,,46.1
05/22/21 14:12:10,244,,
05/22/21 14:12:15,244,,
05/22/21 14:12:20,,58.2,
05/22/21 14:12:25,,58.2,47.1
05/22/21 14:12:30,,,47.1
05/22/21 14:13:10,244.3,,
05/22/21 14:13:20,244.3,,
05/22/21 14:13:25,,59.4,
05/22/21 14:13:30,,59.4,48.1
05/22/21 14:13:35,,,48.1
05/22/21 14:14:10,244.7,,
05/22/21 14:14:15,244.7,,
05/22/21 14:14:20,,60.7,
05/22/21 14:14:25,,60.7,49.1
05/22/21 14:14:30,,,49.1
05/22/21 14:15:10,245.2,,
05/22/21 14:15:15,245.2,,
05/22/21 14:15:20,,62.1,
05/22/21 14:15:25,,62.1,50.2
05/22/21 14:15:30,,,50.2
05/22/21 14:16:05,244.8,,
05/22/21 14:16:10,244.8,,
05/22/21 14:16:15,,63.3,
05/22/21 14:16:20,,63.3,51.2
05/22/21 14:16:25,,,51.2
05/22/21 14:17:10,245.3,,
05/22/21 14:17:15,245.3,,
05/22/21 14:17:20,,64.5,
05/22/21 14:17:25,,64.5,52.3
05/22/21 14:17:30,,,52.3
05/22/21 14:18:05,246.1,,
05/22/21 14:18:10,246.1,,
05/22/21 14:18:15,,65.6,
05/22/21 14:18:20,,65.6,53.3
05/22/21 14:18:25,,,53.3
05/22/21 14:19:10,247.7,,
05/22/21 14:19:15,247.7,,
05/22/21 14:19:20,,66.9,
05/22/21 14:19:25,,66.9,54.4
05/22/21 14:19:30,,,54.4
05/22/21 14:20:05,248.1,,
05/22/21 14:20:10,248.1,,
05/22/21 14:20:15,,68.1,
05/22/21 14:20:20,,68.1,55.6
05/22/21 14:20:25,,,55.6
05/22/21 14:21:10,248.8,,
05/22/21 14:21:15,248.8,,
05/22/21 14:21:20,,69.2,
05/22/21 14:21:25,,69.2,56.7
05/22/21 14:21:30,,,56.7
05/22/21 14:22:10,249.4,,
05/22/21 14:22:15,249.4,,
05/22/21 14:22:20,,70.3,
05/22/21 14:22:25,,70.3,57.9
05/22/21 14:22:30,,,57.9
05/22/21 14:23:10,249.8,,
05/22/21 14:23:15,249.8,,
05/22/21 14:23:20,,71.5,
05/22/21 14:23:25,,71.5,59.1
05/22/21 14:23:30,,,59.1
05/22/21 14:24:35,249.2,,
05/22/21 14:24:40,249.2,,
05/22/21 14:24:45,,72.6,
05/22/21 14:24:50,,72.6,60.3
05/22/21 14:24:55,,,60.3
05/22/21 14:25:10,248.1,,
05/22/21 14:25:15,248.1,,
05/22/21 14:25:20,,73.8,
05/22/21 14:25:25,,73.8,61.5
05/22/21 14:25:30,,,61.5
05/22/21 14:26:05,248.5,,
05/22/21 14:26:10,248.5,,
05/22/21 14:26:15,,74.9,
05/22/21 14:26:20,,74.9,62.7
05/22/21 14:26:25,,,62.7
05/22/21 14:27:10,248.9,,
05/22/21 14:27:15,248.9,,
05/22/21 14:27:20,,76,
05/22/21 14:27:25,,76,63.8
05/22/21 14:27:30,,,63.8
05/22/21 14:28:10,249.2,,
05/22/21 14:28:20,249.2,,
05/22/21 14:28:25,,77.1,
05/22/21 14:28:30,,77.1,65.1
05/22/21 14:28:35,,,65.1
05/22/21 14:29:10,249.4,,
05/22/21 14:29:15,249.4,,
05/22/21 14:29:20,,78.1,
05/22/21 14:29:25,,78.1,66.3
05/22/21 14:29:30,,,66.3
05/22/21 14:30:10,250.4,,
05/22/21 14:30:15,250.4,,
05/22/21 14:30:20,,79.2,
05/22/21 14:30:25,,79.2,67.5
05/22/21 14:30:30,,,67.5
05/22/21 14:31:10,251,,
05/22/21 14:31:15,251,,
05/22/21 14:31:20,,80.2,
05/22/21 14:31:25,,80.2,68.6
05/22/21 14:31:30,,,68.6
05/22/21 14:32:10,251.2,,
05/22/21 14:32:15,251.2,,
05/22/21 14:32:20,,81.2,
05/22/21 14:32:25,,81.2,69.8
05/22/21 14:32:30,,,69.8
05/22/21 14:33:10,250.6,,
05/22/21 14:33:15,250.6,,
05/22/21 14:33:20,,82.3,
05/22/21 14:33:25,,82.3,70.9
05/22/21 14:33:30,,,70.9
05/22/21 14:34:35,250.4,,
05/22/21 14:34:40,250.4,,
05/22/21 14:34:45,,83.3,
05/22/21 14:34:50,,83.3,72.1
05/22/21 14:34:55,,,72.1
05/22/21 14:35:10,250.5,,
05/22/21 14:35:15,250.5,,
05/22/21 14:35:20,,84.3,
05/22/21 14:35:25,,84.3,73.3
05/22/21 14:35:30,,,73.3
05/22/21 14:36:35,250.6,,
05/22/21 14:36:40,250.6,,
05/22/21 14:36:45,,85.3,
05/22/21 14:36:50,,85.3,74.4
05/22/21 14:36:55,,,74.4
05/22/21 14:37:05,248.9,,
05/22/21 14:37:10,248.9,,
05/22/21 14:37:15,,86.4,
05/22/21 14:37:20,,86.4,75.5
05/22/21 14:37:25,,,75.5
05/22/21 14:38:10,248.9,,
05/22/21 14:38:20,248.9,,
05/22/21 14:38:25,,87.4,
05/22/21 14:38:30,,87.4,76.6
05/22/21 14:38:35,,,76.6
05/22/21 14:39:10,249.5,,
05/22/21 14:39:15,249.5,,
05/22/21 14:39:20,,88.4,
05/22/21 14:39:25,,88.4,77.8
05/22/21 14:39:30,,,77.8
05/22/21 14:40:35,249.7,,
05/22/21 14:40:40,249.7,,
05/22/21 14:40:45,,89.4,
05/22/21 14:40:50,,89.4,78.9
05/22/21 14:40:55,,,78.9
05/22/21 14:41:10,249.7,,
05/22/21 14:41:15,249.7,,
05/22/21 14:41:20,,90.5,
05/22/21 14:41:25,,90.5,80
05/22/21 14:41:30,,,80
05/22/21 14:42:10,249.1,,
05/22/21 14:42:15,249.1,,
05/22/21 14:42:20,,91.5,
05/22/21 14:42:25,,91.5,81.1
05/22/21 14:42:30,,,81.1
05/22/21 14:43:35,248.5,,
05/22/21 14:43:40,248.5,,
05/22/21 14:43:45,,92.5,
05/22/21 14:43:50,,92.5,82.2
05/22/21 14:43:55,,,82.2
05/22/21 14:44:10,248.5,,
05/22/21 14:44:15,248.5,,
05/22/21 14:44:20,,93.5,
05/22/21 14:44:25,,93.5,83.3
05/22/21 14:44:30,,,83.3
05/22/21 14:45:10,248.8,,
05/22/21 14:45:15,248.8,,
05/22/21 14:45:20,,94.5,
05/22/21 14:45:25,,94.5,84.4
05/22/21 14:45:30,,,84.4
05/22/21 14:46:10,249.5,,
05/22/21 14:46:15,249.5,,
05/22/21 14:46:20,,95.5,
05/22/21 14:46:25,,95.5,85.5
05/22/21 14:46:30,,,85.5
05/22/21 14:47:10,250.2,,
05/22/21 14:47:15,250.2,,
05/22/21 14:47:20,,96.5,
05/22/21 14:47:25,,96.5,86.5
05/22/21 14:47:30,,,86.5
05/22/21 14:48:10,249.2,,
05/22/21 14:48:15,249.2,,
05/22/21 14:48:20,,97.4,
05/22/21 14:48:25,,97.4,87.6
05/22/21 14:48:30,,,87.6
05/22/21 14:49:10,248.8,,
05/22/21 14:49:15,248.8,,
05/22/21 14:49:20,,98.4,
05/22/21 14:49:25,,98.4,88.6
05/22/21 14:49:30,,,88.6
05/22/21 14:50:10,248.6,,
05/22/21 14:50:15,248.6,,
05/22/21 14:50:20,,99.3,
05/22/21 14:50:25,,99.3,89.8
05/22/21 14:50:30,,,89.8
05/22/21 14:51:10,248.7,,
05/22/21 14:51:15,248.7,,
05/22/21 14:51:20,,100.2,
05/22/21 14:51:25,,100.2,90.8
05/22/21 14:51:30,,,90.8
05/22/21 14:52:10,248.7,,
05/22/21 14:52:15,248.7,,
05/22/21 14:52:20,,101.1,
05/22/21 14:52:25,,101.1,91.8
05/22/21 14:52:30,,,91.8
05/22/21 14:53:10,248.5,,
05/22/21 14:53:15,248.5,,
05/22/21 14:53:20,,102,
05/22/21 14:53:25,,102,92.8
05/22/21 14:53:30,,,92.8
05/22/21 14:54:10,248.7,,
05/22/21 14:54:15,248.7,,
05/22/21 14:54:20,,102.8,
05/22/21 14:54:25,,102.8,93.8
05/22/21 14:54:30,,,93.8
05/22/21 14:55:10,248.5,,
05/22/21 14:55:15,248.5,,
05/22/21 14:55:20,,103.7,
05/22/21 14:55:25,,103.7,94.8
05/22/21 14:55:30,,,94.8
05/22/21 14:56:10,248.2,,
05/22/21 14:56:15,248.2,,
05/22/21 14:56:20,,104.6,
05/22/21 14:56:25,,104.6,95.8
05/22/21 14:56:30,,,95.8
05/22/21 14:57:10,247.8,,
05/22/21 14:57:15,247.8,,
05/22/21 14:57:20,,105.4,
05/22/21 14:57:25,,105.4,96.8
05/22/21 14:57:30,,,96.8
05/22/21 14:58:10,247,,
05/22/21 14:58:15,247,,
05/22/21 14:58:20,,106.2,
05/22/21 14:58:25,,106.2,97.7
05/22/21 14:58:30,,,97.7
05/22/21 14:59:10,247.2,,
05/22/21 14:59:15,247.2,,
05/22/21 14:59:20,,107,
05/22/21 14:59:25,,107,98.7
05/22/21 14:59:30,,,98.7
05/22/21 15:00:10,247.4,,
05/22/21 15:00:15,247.4,,
05/22/21 15:00:20,,107.8,
05/22/21 15:00:25,,107.8,99.5
05/22/21 15:00:30,,,99.5
05/22/21 15:01:10,248.1,,
05/22/21 15:01:15,248.1,,
05/22/21 15:01:20,,108.6,
05/22/21 15:01:30,,108.6,100.5
05/22/21 15:01:35,,,100.5
05/22/21 15:02:10,248.5,,
05/22/21 15:02:15,248.5,,
05/22/21 15:02:20,,109.3,
05/22/21 15:02:25,,109.3,101.4
05/22/21 15:02:30,,,101.4
05/22/21 15:03:10,248.2,,
05/22/21 15:03:15,248.2,,
05/22/21 15:03:20,,110.1,
05/22/21 15:03:25,,110.1,102.2
05/22/21 15:03:30,,,102.2
05/22/21 15:04:10,248,,
05/22/21 15:04:15,248,,
05/22/21 15:04:20,,110.9,
05/22/21 15:04:25,,110.9,103.1
05/22/21 15:04:30,,,103.1
05/22/21 15:05:10,247.8,,
05/22/21 15:05:15,247.8,,
05/22/21 15:05:20,,111.6,
05/22/21 15:05:25,,111.6,104
05/22/21 15:05:30,,,104
05/22/21 15:06:10,247.7,,
05/22/21 15:06:15,247.7,,
05/22/21 15:06:10,,112.4,
05/22/21 15:06:15,,112.4,104.8
05/22/21 15:06:20,,,104.8
05/22/21 15:07:10,247.5,,
05/22/21 15:07:15,247.5,,
05/22/21 15:07:20,,113.1,
05/22/21 15:07:25,,113.1,105.6
05/22/21 15:07:30,,,105.6
05/22/21 15:08:10,247.5,,
05/22/21 15:08:15,247.5,,
05/22/21 15:08:20,,113.8,
05/22/21 15:08:25,,113.8,106.4
05/22/21 15:08:30,,,106.4
05/22/21 15:09:10,248.3,,
05/22/21 15:09:15,248.3,,
05/22/21 15:09:20,,114.5,
05/22/21 15:09:25,,114.5,107.2
05/22/21 15:09:30,,,107.2
05/22/21 15:10:10,249.7,,
05/22/21 15:10:15,249.7,,
05/22/21 15:10:20,,115.2,
05/22/21 15:10:25,,115.2,108
05/22/21 15:10:30,,,108
05/22/21 15:11:10,251.7,,
05/22/21 15:11:15,251.7,,
05/22/21 15:11:20,,115.9,
05/22/21 15:11:25,,115.9,108.8
05/22/21 15:11:30,,,108.8
05/22/21 15:12:10,252.4,,
05/22/21 15:12:15,252.4,,
05/22/21 15:12:20,,116.5,
05/22/21 15:12:25,,116.5,109.5
05/22/21 15:12:30,,,109.5
05/22/21 15:13:10,252.3,,
05/22/21 15:13:15,252.3,,
05/22/21 15:13:20,,117.2,
05/22/21 15:13:25,,117.2,110.2
05/22/21 15:13:30,,,110.2
05/22/21 15:14:10,252.5,,
05/22/21 15:14:15,252.5,,
05/22/21 15:14:20,,117.9,
05/22/21 15:14:25,,117.9,111
05/22/21 15:14:30,,,111
05/22/21 15:15:10,252.5,,
05/22/21 15:15:15,252.5,,
05/22/21 15:15:20,,118.6,
05/22/21 15:15:25,,118.6,111.7
05/22/21 15:15:30,,,111.7
05/22/21 15:16:10,253.2,,
05/22/21 15:16:15,253.2,,
05/22/21 15:16:20,,119.3,
05/22/21 15:16:25,,119.3,112.4
05/22/21 15:16:30,,,112.4
05/22/21 15:17:10,254.3,,
05/22/21 15:17:15,254.3,,
05/22/21 15:17:20,,120,
05/22/21 15:17:25,,120,113.1
05/22/21 15:17:30,,,113.1
05/22/21 15:18:35,254.3,,
05/22/21 15:18:40,254.3,,
05/22/21 15:18:45,,120.6,
05/22/21 15:18:50,,120.6,113.8
05/22/21 15:18:55,,,113.8
05/22/21 15:19:10,253.6,,
05/22/21 15:19:15,253.6,,
05/22/21 15:19:20,,121.3,
05/22/21 15:19:25,,121.3,114.5
05/22/21 15:19:30,,,114.5
05/22/21 15:20:10,253.6,,
05/22/21 15:20:15,253.6,,
05/22/21 15:20:20,,121.9,
05/22/21 15:20:25,,121.9,115.1
05/22/21 15:20:30,,,115.1
05/22/21 15:21:10,255,,
05/22/21 15:21:15,255,,
05/22/21 15:21:20,,122.5,
05/22/21 15:21:25,,122.5,115.8
05/22/21 15:21:30,,,115.8
05/22/21 15:22:10,256.4,,
05/22/21 15:22:15,256.4,,
05/22/21 15:22:20,,123.1,
05/22/21 15:22:25,,123.1,116.4
05/22/21 15:22:30,,,116.4
05/22/21 15:23:10,256.7,,
05/22/21 15:23:15,256.7,,
05/22/21 15:23:20,,123.8,
05/22/21 15:23:25,,123.8,117
05/22/21 15:23:30,,,117
05/22/21 15:24:10,256.4,,
05/22/21 15:24:15,256.4,,
05/22/21 15:24:20,,124.3,
05/22/21 15:24:25,,124.3,117.7
05/22/21 15:24:30,,,117.7
05/22/21 15:25:10,256.3,,
05/22/21 15:25:15,256.3,,
05/22/21 15:25:20,,124.9,
05/22/21 15:25:25,,124.9,118.2
05/22/21 15:25:30,,,118.2
05/22/21 15:26:10,256.6,,
05/22/21 15:26:15,256.6,,
05/22/21 15:26:20,,125.5,
05/22/21 15:26:10,,125.5,118.8
05/22/21 15:26:15,,,118.8
05/22/21 15:27:10,257,,
05/22/21 15:27:15,257,,
05/22/21 15:27:20,,126.1,
05/22/21 15:27:25,,126.1,119.4
05/22/21 15:27:30,,,119.4
05/22/21 15:28:10,257.1,,
05/22/21 15:28:15,257.1,,
05/22/21 15:28:20,,126.6,
05/22/21 15:28:25,,126.6,120
05/22/21 15:28:30,,,120
05/22/21 15:29:10,257.9,,
05/22/21 15:29:15,257.9,,
05/22/21 15:29:20,,127.2,
05/22/21 15:29:25,,127.2,120.5
05/22/21 15:29:30,,,120.5
05/22/21 15:30:10,257.1,,
05/22/21 15:30:15,257.1,,
05/22/21 15:30:20,,127.7,
05/22/21 15:30:25,,127.7,121.1
05/22/21 15:30:30,,,121.1
05/22/21 15:31:10,258.4,,
05/22/21 15:31:15,258.4,,
05/22/21 15:31:20,,128.2,
05/22/21 15:31:25,,128.2,121.7
05/22/21 15:31:30,,,121.7
05/22/21 15:32:10,258.1,,
05/22/21 15:32:15,258.1,,
05/22/21 15:32:20,,128.7,
05/22/21 15:32:25,,128.7,122.2
05/22/21 15:32:30,,,122.2
05/22/21 15:33:10,260.2,,
05/22/21 15:33:15,260.2,,
05/22/21 15:33:20,,129.2,
05/22/21 15:33:25,,129.2,122.7
05/22/21 15:33:30,,,122.7
05/22/21 15:34:10,261.7,,
05/22/21 15:34:15,261.7,,
05/22/21 15:34:20,,129.7,
05/22/21 15:34:25,,129.7,123.3
05/22/21 15:34:30,,,123.3
05/22/21 15:35:10,261.3,,
05/22/21 15:35:15,261.3,,
05/22/21 15:35:20,,130.2,
05/22/21 15:35:25,,130.2,123.8
05/22/21 15:35:30,,,123.8
05/22/21 15:36:10,260.4,,
05/22/21 15:36:15,260.4,,
05/22/21 15:36:20,,130.7,
05/22/21 15:36:25,,130.7,124.3
05/22/21 15:36:30,,,124.3
05/22/21 15:37:10,259.5,,
05/22/21 15:37:15,259.5,,
05/22/21 15:37:20,,131.2,
05/22/21 15:37:25,,131.2,124.8
05/22/21 15:37:30,,,124.8
05/22/21 15:38:10,262.2,,
05/22/21 15:38:15,262.2,,
05/22/21 15:38:20,,131.7,
05/22/21 15:38:25,,131.7,125.3
05/22/21 15:38:30,,,125.3
05/22/21 15:39:10,259.4,,
05/22/21 15:39:15,259.4,,
05/22/21 15:39:20,,132.2,
05/22/21 15:39:25,,132.2,125.8
05/22/21 15:39:30,,,125.8
05/22/21 15:40:10,262.1,,
05/22/21 15:40:15,262.1,,
05/22/21 15:40:20,,132.7,
05/22/21 15:40:25,,132.7,126.3
05/22/21 15:40:30,,,126.3
05/22/21 15:41:10,261.1,,
05/22/21 15:41:15,261.1,,
05/22/21 15:41:20,,133.2,
05/22/21 15:41:25,,133.2,126.7
05/22/21 15:41:30,,,126.7
05/22/21 15:42:10,261,,
05/22/21 15:42:15,261,,
05/22/21 15:42:20,,133.6,
05/22/21 15:42:25,,133.6,127.2
05/22/21 15:42:30,,,127.2
05/22/21 15:43:10,261.4,,
05/22/21 15:43:15,261.4,,
05/22/21 15:43:20,,134,
05/22/21 15:43:25,,134,127.7
05/22/21 15:43:30,,,127.7
05/22/21 15:44:10,259.2,,
05/22/21 15:44:15,259.2,,
05/22/21 15:44:20,,134.4,
05/22/21 15:44:25,,134.4,128.2
05/22/21 15:44:30,,,128.2
05/22/21 15:45:10,258.7,,
05/22/21 15:45:15,258.7,,
05/22/21 15:45:20,,134.9,
05/22/21 15:45:25,,134.9,128.6
05/22/21 15:45:30,,,128.6
05/22/21 15:46:10,259.2,,
05/22/21 15:46:15,259.2,,
05/22/21 15:46:20,,135.3,
05/22/21 15:46:25,,135.3,129.1
05/22/21 15:46:30,,,129.1
05/22/21 15:47:10,262.4,,
05/22/21 15:47:15,262.4,,
05/22/21 15:47:20,,135.7,
05/22/21 15:47:25,,135.7,129.5
05/22/21 15:47:30,,,129.5
05/22/21 15:48:10,263.1,,
05/22/21 15:48:15,263.1,,
05/22/21 15:48:20,,136.1,
05/22/21 15:48:25,,136.1,130
05/22/21 15:48:30,,,130
05/22/21 15:49:10,260.2,,
05/22/21 15:49:15,260.2,,
05/22/21 15:49:20,,136.5,
05/22/21 15:49:25,,136.5,130.4
05/22/21 15:49:30,,,130.4
05/22/21 15:50:10,259.5,,
05/22/21 15:50:15,259.5,,
05/22/21 15:50:20,,136.9,
05/22/21 15:50:25,,136.9,130.8
05/22/21 15:50:30,,,130.8
05/22/21 15:51:10,259.2,,
05/22/21 15:51:15,259.2,,
05/22/21 15:51:20,,137.3,
05/22/21 15:51:25,,137.3,131.2
05/22/21 15:51:30,,,131.2
05/22/21 15:52:10,263.9,,
05/22/21 15:52:15,263.9,,
05/22/21 15:52:20,,137.7,
05/22/21 15:52:25,,137.7,131.7
05/22/21 15:52:30,,,131.7
05/22/21 15:53:10,265,,
05/22/21 15:53:15,265,,
05/22/21 15:53:20,,138.1,
05/22/21 15:53:25,,138.1,132.1
05/22/21 15:53:30,,,132.1
05/22/21 15:54:10,263.8,,
05/22/21 15:54:15,263.8,,
05/22/21 15:54:20,,138.4,
05/22/21 15:54:25,,138.4,132.5
05/22/21 15:54:30,,,132.5
05/22/21 15:55:10,264.7,,
05/22/21 15:55:15,264.7,,
05/22/21 15:55:20,,138.8,
05/22/21 15:55:25,,138.8,132.9
05/22/21 15:55:30,,,132.9
05/22/21 15:56:10,265,,
05/22/21 15:56:15,265,,
05/22/21 15:56:20,,139.2,
05/22/21 15:56:25,,139.2,133.3
05/22/21 15:56:30,,,133.3
05/22/21 15:57:10,259.1,,
05/22/21 15:57:15,259.1,,
05/22/21 15:57:20,,139.5,
05/22/21 15:57:25,,139.5,133.7
05/22/21 15:57:30,,,133.7
05/22/21 15:58:10,255.6,,
05/22/21 15:58:15,255.6,,
05/22/21 15:58:20,,139.9,
05/22/21 15:58:25,,139.9,134.1
05/22/21 15:58:30,,,134.1
05/22/21 15:59:10,255.1,,
05/22/21 15:59:15,255.1,,
05/22/21 15:59:20,,140.2,
05/22/21 15:59:25,,140.2,134.5
05/22/21 15:59:30,,,134.5
05/22/21 16:00:10,255,,
05/22/21 16:00:15,255,,
05/22/21 16:00:20,,140.6,
05/22/21 16:00:25,,140.6,134.9
05/22/21 16:00:30,,,134.9
05/22/21 16:01:10,255.9,,
05/22/21 16:01:15,255.9,,
05/22/21 16:01:20,,140.9,
05/22/21 16:01:25,,140.9,135.2
05/22/21 16:01:30,,,135.2
05/22/21 16:02:10,256.9,,
05/22/21 16:02:15,256.9,,
05/22/21 16:02:20,,141.2,
05/22/21 16:02:25,,141.2,135.6
05/22/21 16:02:30,,,135.6
05/22/21 16:03:10,256.5,,
05/22/21 16:03:15,256.5,,
05/22/21 16:03:20,,141.6,
05/22/21 16:03:25,,141.6,136
05/22/21 16:03:30,,,136
05/22/21 16:04:10,257.7,,
05/22/21 16:04:15,257.7,,
05/22/21 16:04:20,,141.9,
05/22/21 16:04:25,,141.9,136.3
05/22/21 16:04:30,,,136.3
05/22/21 16:05:10,257.8,,
05/22/21 16:05:15,257.8,,
05/22/21 16:05:20,,142.2,
05/22/21 16:05:25,,142.2,136.7
05/22/21 16:05:30,,,136.7
05/22/21 16:06:10,256,,
05/22/21 16:06:15,256,,
05/22/21 16:06:20,,142.6,
05/22/21 16:06:25,,142.6,137
05/22/21 16:06:30,,,137
05/22/21 16:07:10,256,,
05/22/21 16:07:15,256,,
05/22/21 16:07:20,,142.7,
05/22/21 16:07:25,,142.7,137.4
05/22/21 16:07:30,,,137.4
05/22/21 16:08:10,257.2,,
05/22/21 16:08:15,257.2,,
05/22/21 16:08:20,,143,
05/22/21 16:08:25,,143,137.7
05/22/21 16:08:30,,,137.7
05/22/21 16:09:10,256.7,,
05/22/21 16:09:15,256.7,,
05/22/21 16:09:20,,143.3,
05/22/21 16:09:25,,143.3,138
05/22/21 16:09:30,,,138
05/22/21 16:10:10,256,,
05/22/21 16:10:15,256,,
05/22/21 16:10:20,,143.7,
05/22/21 16:10:25,,143.7,138.4
05/22/21 16:10:30,,,138.4
05/22/21 16:11:10,260.3,,
05/22/21 16:11:15,260.3,,
05/22/21 16:11:20,,144,
05/22/21 16:11:25,,144,138.7
05/22/21 16:11:30,,,138.7
05/22/21 16:12:10,264.4,,
05/22/21 16:12:15,264.4,,
05/22/21 16:12:20,,144.3,
05/22/21 16:12:25,,144.3,139
05/22/21 16:12:30,,,139
05/22/21 16:13:10,265.8,,
05/22/21 16:13:15,265.8,,
05/22/21 16:13:20,,144.6,
05/22/21 16:13:25,,144.6,139.4
05/22/21 16:13:30,,,139.4
05/22/21 16:14:10,264.9,,
05/22/21 16:14:15,264.9,,
05/22/21 16:14:20,,144.9,
05/22/21 16:14:25,,144.9,139.7
05/22/21 16:14:30,,,139.7
05/22/21 16:15:10,264.3,,
05/22/21 16:15:15,264.3,,
05/22/21 16:15:20,,145.3,
05/22/21 16:15:25,,145.3,140
05/22/21 16:15:30,,,140
05/22/21 16:16:10,264.2,,
05/22/21 16:16:15,264.2,,
05/22/21 16:16:20,,145.6,
05/22/21 16:16:25,,145.6,140.3
05/22/21 16:16:30,,,140.3
05/22/21 16:17:10,264.9,,
05/22/21 16:17:15,264.9,,
05/22/21 16:17:20,,145.9,
05/22/21 16:17:25,,145.9,140.6
05/22/21 16:17:30,,,140.6
05/22/21 16:18:10,266.8,,
05/22/21 16:18:15,266.8,,
05/22/21 16:18:20,,146.2,
05/22/21 16:18:25,,146.2,140.9
05/22/21 16:18:30,,,140.9
05/22/21 16:19:10,267.9,,
05/22/21 16:19:15,267.9,,
05/22/21 16:19:20,,146.6,
05/22/21 16:19:25,,146.6,141.2
05/22/21 16:19:30,,,141.2
05/22/21 16:20:10,268.3,,
05/22/21 16:20:15,268.3,,
05/22/21 16:20:20,,146.9,
05/22/21 16:20:25,,146.9,141.5
05/22/21 16:20:30,,,141.5
05/22/21 16:21:10,267.2,,
05/22/21 16:21:15,267.2,,
05/22/21 16:21:20,,147.3,
05/22/21 16:21:25,,147.3,141.8
05/22/21 16:21:30,,,141.8
05/22/21 16:22:10,265.1,,
05/22/21 16:22:15,265.1,,
05/22/21 16:22:20,,147.6,
05/22/21 16:22:30,,147.6,142.1
05/22/21 16:22:35,,,142.1
05/22/21 16:23:10,261.4,,
05/22/21 16:23:15,261.4,,
05/22/21 16:23:20,,147.9,
05/22/21 16:23:25,,147.9,142.3
05/22/21 16:23:30,,,142.3
05/22/21 16:24:10,261.1,,
05/22/21 16:24:15,261.1,,
05/22/21 16:24:20,,148.2,
05/22/21 16:24:25,,148.2,142.6
05/22/21 16:24:30,,,142.6
05/22/21 16:25:10,258.6,,
05/22/21 16:25:15,258.6,,
05/22/21 16:25:20,,148.5,
05/22/21 16:25:25,,148.5,142.8
05/22/21 16:25:30,,,142.8
05/22/21 16:26:10,260,,
05/22/21 16:26:15,260,,
05/22/21 16:26:20,,148.8,
05/22/21 16:26:25,,148.8,143.1
05/22/21 16:26:30,,,143.1
05/22/21 16:27:10,260.5,,
05/22/21 16:27:15,260.5,,
05/22/21 16:27:20,,149.1,
05/22/21 16:27:25,,149.1,143.3
05/22/21 16:27:30,,,143.3
05/22/21 16:28:10,261.1,,
05/22/21 16:28:15,261.1,,
05/22/21 16:28:20,,149.4,
05/22/21 16:28:25,,149.4,143.6
05/22/21 16:28:30,,,143.6
05/22/21 16:29:10,261.6,,
05/22/21 16:29:15,261.6,,
05/22/21 16:29:20,,149.8,
05/22/21 16:29:25,,149.8,143.8
05/22/21 16:29:30,,,143.8
05/22/21 16:30:10,261.6,,
05/22/21 16:30:15,261.6,,
05/22/21 16:30:20,,150.1,
05/22/21 16:30:25,,150.1,144
05/22/21 16:30:30,,,144
05/22/21 16:31:10,262,,
05/22/21 16:31:15,262,,
05/22/21 16:31:20,,150.4,
05/22/21 16:31:25,,150.4,144.3
05/22/21 16:31:30,,,144.3
05/22/21 16:32:10,261.2,,
05/22/21 16:32:15,261.2,,
05/22/21 16:32:20,,150.7,
05/22/21 16:32:25,,150.7,144.5
05/22/21 16:32:30,,,144.5
05/22/21 16:33:10,259.1,,
05/22/21 16:33:15,259.1,,
05/22/21 16:33:20,,151,
05/22/21 16:33:25,,151,144.7
05/22/21 16:33:30,,,144.7
05/22/21 16:34:10,259.2,,
05/22/21 16:34:15,259.2,,
05/22/21 16:34:20,,151.3,
05/22/21 16:34:25,,151.3,145
05/22/21 16:34:30,,,145
05/22/21 16:35:10,258.8,,
05/22/21 16:35:15,258.8,,
05/22/21 16:35:20,,151.4,
05/22/21 16:35:25,,151.4,145.2
05/22/21 16:35:30,,,145.2
05/22/21 16:36:10,260,,
05/22/21 16:36:15,260,,
05/22/21 16:36:20,,151.7,
05/22/21 16:36:25,,151.7,145.4
05/22/21 16:36:30,,,145.4
05/22/21 16:37:10,260.9,,
05/22/21 16:37:15,260.9,,
05/22/21 16:37:20,,152,
05/22/21 16:37:25,,152,145.6
05/22/21 16:37:30,,,145.6
05/22/21 16:38:10,260,,
05/22/21 16:38:15,260,,
05/22/21 16:38:20,,152.3,
05/22/21 16:38:25,,152.3,145.8
05/22/21 16:38:30,,,145.8
05/22/21 16:39:10,260.1,,
05/22/21 16:39:15,260.1,,
05/22/21 16:39:20,,152.6,
05/22/21 16:39:25,,152.6,146
05/22/21 16:39:30,,,146
05/22/21 16:40:10,260.5,,
05/22/21 16:40:15,260.5,,
05/22/21 16:40:20,,152.8,
05/22/21 16:40:25,,152.8,146.2
05/22/21 16:40:30,,,146.2
05/22/21 16:41:10,260.4,,
05/22/21 16:41:15,260.4,,
05/22/21 16:41:20,,153,
05/22/21 16:41:25,,153,146.4
05/22/21 16:41:30,,,146.4
05/22/21 16:42:10,262.2,,
05/22/21 16:42:15,262.2,,
05/22/21 16:42:20,,153.3,
05/22/21 16:42:25,,153.3,146.6
05/22/21 16:42:30,,,146.6
05/22/21 16:43:10,263.4,,
05/22/21 16:43:15,263.4,,
05/22/21 16:43:20,,153.6,
05/22/21 16:43:25,,153.6,146.8
05/22/21 16:43:30,,,146.8
05/22/21 16:44:10,260.8,,
05/22/21 16:44:15,260.8,,
05/22/21 16:44:20,,153.9,
05/22/21 16:44:25,,153.9,147
05/22/21 16:44:30,,,147
05/22/21 16:45:10,256.3,,
05/22/21 16:45:15,256.3,,
05/22/21 16:45:20,,154.1,
05/22/21 16:45:25,,154.1,147.2
05/22/21 16:45:30,,,147.2
05/22/21 16:46:10,250.6,,
05/22/21 16:46:15,250.6,,
05/22/21 16:46:20,,154.4,
05/22/21 16:46:25,,154.4,147.4
05/22/21 16:46:30,,,147.4
05/22/21 16:47:10,247.6,,
05/22/21 16:47:15,247.6,,
05/22/21 16:47:20,,154.6,
05/22/21 16:47:25,,154.6,147.5
05/22/21 16:47:30,,,147.5
05/22/21 16:48:10,245.9,,
05/22/21 16:48:15,245.9,,
05/22/21 16:48:20,,154.9,
05/22/21 16:48:25,,154.9,147.7
05/22/21 16:48:30,,,147.7
05/22/21 16:49:10,244.4,,
05/22/21 16:49:15,244.4,,
05/22/21 16:49:20,,155.1,
05/22/21 16:49:25,,155.1,147.9
05/22/21 16:49:30,,,147.9
05/22/21 16:50:10,242.9,,
05/22/21 16:50:15,242.9,,
05/22/21 16:50:20,,155.3,
05/22/21 16:50:25,,155.3,148
05/22/21 16:50:30,,,148
05/22/21 16:51:10,242.1,,
05/22/21 16:51:15,242.1,,
05/22/21 16:51:20,,155.5,
05/22/21 16:51:25,,155.5,148.2
05/22/21 16:51:30,,,148.2
05/22/21 16:52:10,241.5,,
05/22/21 16:52:15,241.5,,
05/22/21 16:52:20,,155.8,
05/22/21 16:52:25,,155.8,148.4
05/22/21 16:52:30,,,148.4
05/22/21 16:53:10,241.2,,
05/22/21 16:53:15,241.2,,
05/22/21 16:53:20,,156,
05/22/21 16:53:25,,156,148.5
05/22/21 16:53:30,,,148.5
05/22/21 16:54:10,240.1,,
05/22/21 16:54:15,240.1,,
05/22/21 16:54:20,,156.2,
05/22/21 16:54:25,,156.2,148.7
05/22/21 16:54:30,,,148.7
05/22/21 16:55:10,241,,
05/22/21 16:55:15,241,,
05/22/21 16:55:20,,156.4,
05/22/21 16:55:25,,156.4,148.8
05/22/21 16:55:30,,,148.8
05/22/21 16:56:10,240.4,,
05/22/21 16:56:15,240.4,,
05/22/21 16:56:20,,156.6,
05/22/21 16:56:25,,156.6,149
05/22/21 16:56:30,,,149
05/22/21 16:57:10,239.9,,
05/22/21 16:57:15,239.9,,
05/22/21 16:57:20,,156.8,
05/22/21 16:57:25,,156.8,149.1
05/22/21 16:57:30,,,149.1
05/22/21 16:58:10,240.8,,
05/22/21 16:58:15,240.8,,
05/22/21 16:58:20,,156.9,
05/22/21 16:58:25,,156.9,149.3
05/22/21 16:58:30,,,149.3
05/22/21 16:59:10,240.7,,
05/22/21 16:59:15,240.7,,
05/22/21 16:59:20,,157.1,
05/22/21 16:59:25,,157.1,149.4
05/22/21 16:59:30,,,149.4
05/22/21 17:00:10,241.4,,
05/22/21 17:00:15,241.4,,
05/22/21 17:00:20,,157.3,
05/22/21 17:00:25,,157.3,149.5
05/22/21 17:00:30,,,149.5
05/22/21 17:01:10,240.8,,
05/22/21 17:01:15,240.8,,
05/22/21 17:01:20,,157.5,
05/22/21 17:01:25,,157.5,149.6
05/22/21 17:01:30,,,149.6
05/22/21 17:02:10,239.9,,
05/22/21 17:02:15,239.9,,
05/22/21 17:02:20,,157.7,
05/22/21 17:02:25,,157.7,149.8
05/22/21 17:02:30,,,149.8
05/22/21 17:03:35,240.2,,
05/22/21 17:03:40,240.2,,
05/22/21 17:03:45,,157.8,
05/22/21 17:03:50,,157.8,149.9
05/22/21 17:03:55,,,149.9
05/22/21 17:04:10,240,,
05/22/21 17:04:15,240,,
05/22/21 17:04:20,,158,
05/22/21 17:04:25,,158,150
05/22/21 17:04:30,,,150
05/22/21 17:05:10,239.3,,
05/22/21 17:05:15,239.3,,
05/22/21 17:05:20,,158.1,
05/22/21 17:05:25,,158.1,150.1
05/22/21 17:05:30,,,150.1
05/22/21 17:06:10,238.4,,
05/22/21 17:06:15,238.4,,
05/22/21 17:06:20,,158.3,
05/22/21 17:06:25,,158.3,150.2
05/22/21 17:06:30,,,150.2
05/22/21 17:07:10,238.7,,
05/22/21 17:07:15,238.7,,
05/22/21 17:07:20,,158.4,
05/22/21 17:07:25,,158.4,150.3
05/22/21 17:07:30,,,150.3
05/22/21 17:08:10,237.9,,
05/22/21 17:08:15,237.9,,
05/22/21 17:08:20,,158.5,
05/22/21 17:08:25,,158.5,150.4
05/22/21 17:08:30,,,150.4
05/22/21 17:09:10,237.6,,
05/22/21 17:09:15,237.6,,
05/22/21 17:09:20,,158.7,
05/22/21 17:09:25,,158.7,150.5
05/22/21 17:09:30,,,150.5
05/22/21 17:10:10,236.3,,
05/22/21 17:10:15,236.3,,
05/22/21 17:10:20,,158.8,
05/22/21 17:10:25,,158.8,150.7
05/22/21 17:10:30,,,150.7
05/22/21 17:11:10,235.7,,
05/22/21 17:11:15,235.7,,
05/22/21 17:11:20,,158.9,
05/22/21 17:11:25,,158.9,150.7
05/22/21 17:11:30,,,150.7
05/22/21 17:12:10,236,,
05/22/21 17:12:15,236,,
05/22/21 17:12:20,,159,
05/22/21 17:12:25,,159,150.8
05/22/21 17:12:30,,,150.8
05/22/21 17:13:10,235.9,,
05/22/21 17:13:15,235.9,,
05/22/21 17:13:20,,159.1,
05/22/21 17:13:25,,159.1,150.9
05/22/21 17:13:30,,,150.9
05/22/21 17:14:10,236.6,,
05/22/21 17:14:15,236.6,,
05/22/21 17:14:20,,159.2,
05/22/21 17:14:25,,159.2,151
05/22/21 17:14:30,,,151
05/22/21 17:15:10,237.7,,
05/22/21 17:15:15,237.7,,
05/22/21 17:15:20,,159.3,
05/22/21 17:15:25,,159.3,151.1
05/22/21 17:15:30,,,151.1
05/22/21 17:16:10,237.4,,
05/22/21 17:16:15,237.4,,
05/22/21 17:16:20,,159.4,
05/22/21 17:16:25,,159.4,151.2
05/22/21 17:16:30,,,151.2
05/22/21 17:17:10,234.1,,
05/22/21 17:17:15,234.1,,
05/22/21 17:17:20,,159.5,
05/22/21 17:17:25,,159.5,151.3
05/22/21 17:17:30,,,151.3
05/22/21 17:18:10,231.9,,
05/22/21 17:18:15,231.9,,
05/22/21 17:18:20,,159.6,
05/22/21 17:18:25,,159.6,151.3
05/22/21 17:18:30,,,151.3
05/22/21 17:19:10,229.9,,
05/22/21 17:19:15,229.9,,
05/22/21 17:19:20,,159.7,
05/22/21 17:19:25,,159.7,151.4
05/22/21 17:19:30,,,151.4
05/22/21 17:20:10,229.9,,
05/22/21 17:20:15,229.9,,
05/22/21 17:20:20,,159.8,
05/22/21 17:20:25,,159.8,151.5
05/22/21 17:20:30,,,151.5
05/22/21 17:21:10,229.7,,
05/22/21 17:21:15,229.7,,
05/22/21 17:21:20,,159.9,
05/22/21 17:21:25,,159.9,151.5
05/22/21 17:21:30,,,151.5
05/22/21 17:22:10,228.2,,
05/22/21 17:22:15,228.2,,
05/22/21 17:22:20,,159.9,
05/22/21 17:22:25,,159.9,151.6
05/22/21 17:22:30,,,151.6
05/22/21 17:23:10,228.5,,
05/22/21 17:23:15,228.5,,
05/22/21 17:23:20,,160,
05/22/21 17:23:25,,160,151.7
05/22/21 17:23:30,,,151.7
05/22/21 17:24:10,228,,
05/22/21 17:24:15,228,,
05/22/21 17:24:20,,160.1,
05/22/21 17:24:25,,160.1,151.7
05/22/21 17:24:30,,,151.7
05/22/21 17:25:10,226.5,,
05/22/21 17:25:15,226.5,,
05/22/21 17:25:20,,160.1,
05/22/21 17:25:25,,160.1,151.8
05/22/21 17:25:30,,,151.8
05/22/21 17:26:10,227.1,,
05/22/21 17:26:15,227.1,,
05/22/21 17:26:20,,160.2,
05/22/21 17:26:25,,160.2,151.9
05/22/21 17:26:30,,,151.9
05/22/21 17:27:10,227.2,,
05/22/21 17:27:15,227.2,,
05/22/21 17:27:20,,160.2,
05/22/21 17:27:25,,160.2,151.9
05/22/21 17:27:30,,,151.9
05/22/21 17:28:10,226.9,,
05/22/21 17:28:15,226.9,,
05/22/21 17:28:20,,160.3,
05/22/21 17:28:25,,160.3,152
05/22/21 17:28:30,,,152
05/22/21 17:29:10,227.4,,
05/22/21 17:29:15,227.4,,
05/22/21 17:29:20,,160.3,
05/22/21 17:29:25,,160.3,152
05/22/21 17:29:30,,,152
05/22/21 17:30:10,228.4,,
05/22/21 17:30:15,228.4,,
05/22/21 17:30:20,,160.3,
05/22/21 17:30:25,,160.3,152.1
05/22/21 17:30:30,,,152.1
05/22/21 17:31:10,229.6,,
05/22/21 17:31:15,229.6,,
05/22/21 17:31:20,,160.3,
05/22/21 17:31:25,,160.3,152.1
05/22/21 17:31:30,,,152.1
05/22/21 17:32:10,230.7,,
05/22/21 17:32:15,230.7,,
05/22/21 17:32:20,,160.3,
05/22/21 17:32:25,,160.3,152.2
05/22/21 17:32:30,,,152.2
05/22/21 17:33:10,230.9,,
05/22/21 17:33:15,230.9,,
05/22/21 17:33:20,,160.4,
05/22/21 17:33:25,,160.4,152.2
05/22/21 17:33:30,,,152.2
05/22/21 17:34:10,231.5,,
05/22/21 17:34:15,231.5,,
05/22/21 17:34:20,,160.4,
05/22/21 17:34:25,,160.4,152.3
05/22/21 17:34:30,,,152.3
05/22/21 17:35:10,232.5,,
05/22/21 17:35:15,232.5,,
05/22/21 17:35:20,,160.4,
05/22/21 17:35:25,,160.4,152.3
05/22/21 17:35:30,,,152.3
05/22/21 17:36:10,232,,
05/22/21 17:36:15,232,,
05/22/21 17:36:20,,160.5,
05/22/21 17:36:25,,160.5,152.3
05/22/21 17:36:30,,,152.3
05/22/21 17:37:10,232.5,,
05/22/21 17:37:15,232.5,,
05/22/21 17:37:20,,160.5,
05/22/21 17:37:25,,160.5,152.4
05/22/21 17:37:30,,,152.4
05/22/21 17:38:10,235.1,,
05/22/21 17:38:15,235.1,,
05/22/21 17:38:20,,160.5,
05/22/21 17:38:25,,160.5,152.4
05/22/21 17:38:30,,,152.4
05/22/21 17:39:10,236.1,,
05/22/21 17:39:15,236.1,,
05/22/21 17:39:20,,160.6,
05/22/21 17:39:25,,160.6,152.4
05/22/21 17:39:30,,,152.4
05/22/21 17:40:10,237.5,,
05/22/21 17:40:15,237.5,,
05/22/21 17:40:20,,160.6,
05/22/21 17:40:25,,160.6,152.5
05/22/21 17:40:30,,,152.5
05/22/21 17:41:10,237.6,,
05/22/21 17:41:15,237.6,,
05/22/21 17:41:20,,160.6,
05/22/21 17:41:25,,160.6,152.5
05/22/21 17:41:30,,,152.5
05/22/21 17:42:10,238.7,,
05/22/21 17:42:15,238.7,,
05/22/21 17:42:20,,160.7,
05/22/21 17:42:25,,160.7,152.5
05/22/21 17:42:30,,,152.5
05/22/21 17:43:10,238.6,,
05/22/21 17:43:15,238.6,,
05/22/21 17:43:20,,160.7,
05/22/21 17:43:25,,160.7,152.6
05/22/21 17:43:30,,,152.6
05/22/21 17:44:10,239.5,,
05/22/21 17:44:15,239.5,,
05/22/21 17:44:20,,160.7,
05/22/21 17:44:25,,160.7,152.6
05/22/21 17:44:30,,,152.6
05/22/21 17:45:10,239.4,,
05/22/21 17:45:15,239.4,,
05/22/21 17:45:20,,160.8,
05/22/21 17:45:25,,160.8,152.6
05/22/21 17:45:30,,,152.6
05/22/21 17:46:10,239.5,,
05/22/21 17:46:15,239.5,,
05/22/21 17:46:20,,160.8,
05/22/21 17:46:25,,160.8,152.6
05/22/21 17:46:30,,,152.6
05/22/21 17:47:10,240,,
05/22/21 17:47:15,240,,
05/22/21 17:47:20,,160.9,
05/22/21 17:47:25,,160.9,152.7
05/22/21 17:47:30,,,152.7
05/22/21 17:48:10,241.1,,
05/22/21 17:48:15,241.1,,
05/22/21 17:48:20,,160.9,
05/22/21 17:48:25,,160.9,152.7
05/22/21 17:48:30,,,152.7
05/22/21 17:49:10,241.3,,
05/22/21 17:49:15,241.3,,
05/22/21 17:49:20,,160.9,
05/22/21 17:49:25,,160.9,152.7
05/22/21 17:49:30,,,152.7
05/22/21 17:50:10,243,,
05/22/21 17:50:15,243,,
05/22/21 17:50:20,,161,
05/22/21 17:50:25,,161,152.7
05/22/21 17:50:30,,,152.7
05/22/21 17:51:10,243.1,,
05/22/21 17:51:15,243.1,,
05/22/21 17:51:20,,161,
05/22/21 17:51:25,,161,152.8
05/22/21 17:51:30,,,152.8
05/22/21 17:52:10,243.2,,
05/22/21 17:52:15,243.2,,
05/22/21 17:52:20,,161,
05/22/21 17:52:25,,161,152.8
05/22/21 17:52:30,,,152.8
05/22/21 17:53:10,243.2,,
05/22/21 17:53:15,243.2,,
05/22/21 17:53:20,,161,
05/22/21 17:53:25,,161,152.8
05/22/21 17:53:30,,,152.8
05/22/21 17:54:10,243.1,,
05/22/21 17:54:15,243.1,,
05/22/21 17:54:20,,161.1,
05/22/21 17:54:25,,161.1,152.9
05/22/21 17:54:30,,,152.9
05/22/21 17:55:10,243.4,,
05/22/21 17:55:15,243.4,,
05/22/21 17:55:20,,161.1,
05/22/21 17:55:25,,161.1,152.9
05/22/21 17:55:30,,,152.9
05/22/21 17:56:10,242.9,,
05/22/21 17:56:15,242.9,,
05/22/21 17:56:20,,161.1,
05/22/21 17:56:25,,161.1,152.9
05/22/21 17:56:30,,,152.9
05/22/21 17:57:10,240.4,,
05/22/21 17:57:15,240.4,,
05/22/21 17:57:20,,161.1,
05/22/21 17:57:25,,161.1,152.9
05/22/21 17:57:30,,,152.9
05/22/21 17:58:10,239.7,,
05/22/21 17:58:15,239.7,,
05/22/21 17:58:20,,161.2,
05/22/21 17:58:25,,161.2,153
05/22/21 17:58:30,,,153
05/22/21 17:59:10,239.7,,
05/22/21 17:59:15,239.7,,
05/22/21 17:59:20,,161.2,
05/22/21 17:59:25,,161.2,153
05/22/21 17:59:30,,,153
05/22/21 18:00:10,240.3,,
05/22/21 18:00:15,240.3,,
05/22/21 18:00:20,,161.2,
05/22/21 18:00:25,,161.2,153
05/22/21 18:00:30,,,153
05/22/21 18:01:10,240.3,,
05/22/21 18:01:15,240.3,,
05/22/21 18:01:20,,161.2,
05/22/21 18:01:25,,161.2,153.1
05/22/21 18:01:30,,,153.1
05/22/21 18:02:10,240.6,,
05/22/21 18:02:15,240.6,,
05/22/21 18:02:20,,161.2,
05/22/21 18:02:25,,161.2,153.1
05/22/21 18:02:30,,,153.1
05/22/21 18:03:10,240.4,,
05/22/21 18:03:15,240.4,,
05/22/21 18:03:20,,161.2,
05/22/21 18:03:25,,161.2,153.1
05/22/21 18:03:30,,,153.1
05/22/21 18:04:10,240.8,,
05/22/21 18:04:15,240.8,,
05/22/21 18:04:20,,161.3,
05/22/21 18:04:25,,161.3,153.2
05/22/21 18:04:30,,,153.2
05/22/21 18:05:10,241.5,,
05/22/21 18:05:15,241.5,,
05/22/21 18:05:20,,161.3,
05/22/21 18:05:25,,161.3,153.2
05/22/21 18:05:30,,,153.2
05/22/21 18:06:10,241.5,,
05/22/21 18:06:15,241.5,,
05/22/21 18:06:20,,161.3,
05/22/21 18:06:25,,161.3,153.3
05/22/21 18:06:30,,,153.3
05/22/21 18:07:10,242,,
05/22/21 18:07:15,242,,
05/22/21 18:07:20,,161.3,
05/22/21 18:07:25,,161.3,153.3
05/22/21 18:07:30,,,153.3
05/22/21 18:08:10,242,,
05/22/21 18:08:15,242,,
05/22/21 18:08:20,,161.4,
05/22/21 18:08:25,,161.4,153.4
05/22/21 18:08:30,,,153.4
05/22/21 18:09:10,242.8,,
05/22/21 18:09:15,242.8,,
05/22/21 18:09:20,,161.4,
05/22/21 18:09:25,,161.4,153.4
05/22/21 18:09:30,,,153.4
05/22/21 18:10:10,243.7,,
05/22/21 18:10:15,243.7,,
05/22/21 18:10:20,,161.4,
05/22/21 18:10:25,,161.4,153.4
05/22/21 18:10:30,,,153.4
05/22/21 18:11:10,242.5,,
05/22/21 18:11:15,242.5,,
05/22/21 18:11:20,,161.4,
05/22/21 18:11:25,,161.4,153.5
05/22/21 18:11:30,,,153.5
05/22/21 18:12:10,242.1,,
05/22/21 18:12:15,242.1,,
05/22/21 18:12:20,,161.4,
05/22/21 18:12:25,,161.4,153.5
05/22/21 18:12:30,,,153.5
05/22/21 18:13:10,241.5,,
05/22/21 18:13:20,241.5,,
05/22/21 18:13:25,,161.4,
05/22/21 18:13:10,,161.4,153.5
05/22/21 18:13:15,,,153.5
05/22/21 18:14:10,241.3,,
05/22/21 18:14:15,241.3,,
05/22/21 18:14:30,,161.4,
05/22/21 18:14:10,,161.4,153.6
05/22/21 18:14:15,,,153.6
05/22/21 18:15:10,242,,
05/22/21 18:15:15,242,,
05/22/21 18:15:35,,161.4,
05/22/21 18:15:40,,161.4,153.6
05/22/21 18:15:45,,,153.6
05/22/21 18:16:10,242.4,,
05/22/21 18:16:15,242.4,,
05/22/21 18:16:35,,161.5,
05/22/21 18:16:40,,161.5,153.7
05/22/21 18:16:45,,,153.7
05/22/21 18:17:10,241.2,,
05/22/21 18:17:15,241.2,,
05/22/21 18:17:35,,161.5,
05/22/21 18:17:40,,161.5,153.7
05/22/21 18:17:45,,,153.7
05/22/21 18:18:10,238.5,,
05/22/21 18:18:15,238.5,,
05/22/21 18:18:35,,161.5,
05/22/21 18:18:40,,161.5,153.8
05/22/21 18:18:45,,,153.8
05/22/21 18:19:10,237.2,,
05/22/21 18:19:15,237.2,,
05/22/21 18:19:35,,161.5,
05/22/21 18:19:40,,161.5,153.8
05/22/21 18:19:45,,,153.8
05/22/21 18:20:10,236.1,,
05/22/21 18:20:15,236.1,,
05/22/21 18:20:35,,161.5,
05/22/21 18:20:40,,161.5,153.9
05/22/21 18:20:45,,,153.9
05/22/21 18:21:10,235.3,,
05/22/21 18:21:45,235.3,,
05/22/21 18:21:35,,161.5,
05/22/21 18:21:40,,161.5,153.9
05/22/21 18:21:45,,,153.9
05/22/21 18:22:10,235.1,,
05/22/21 18:22:15,235.1,,
05/22/21 18:22:35,,161.5,
05/22/21 18:22:40,,161.5,154
05/22/21 18:22:45,,,154
05/22/21 18:23:10,234.4,,
05/22/21 18:23:15,234.4,,
05/22/21 18:23:35,,161.4,
05/22/21 18:23:40,,161.4,154
05/22/21 18:23:45,,,154
05/22/21 18:24:10,238.7,,
05/22/21 18:24:15,238.7,,
05/22/21 18:24:30,,161.5,
05/22/21 18:24:35,,161.5,154
05/22/21 18:24:40,,,154
05/22/21 18:25:10,244.1,,
05/22/21 18:25:15,244.1,,
05/22/21 18:25:30,,161.5,
05/22/21 18:25:40,,161.5,154.1
05/22/21 18:25:45,,,154.1
05/22/21 18:26:10,247.1,,
05/22/21 18:26:15,247.1,,
05/22/21 18:26:35,,161.5,
05/22/21 18:26:40,,161.5,154.1
05/22/21 18:26:45,,,154.1
05/22/21 18:27:10,247.2,,
05/22/21 18:27:15,247.2,,
05/22/21 18:27:35,,161.5,
05/22/21 18:27:40,,161.5,154.2
05/22/21 18:27:45,,,154.2
05/22/21 18:28:10,249,,
05/22/21 18:28:15,249,,
05/22/21 18:28:35,,161.6,
05/22/21 18:28:40,,161.6,154.2
05/22/21 18:28:45,,,154.2
05/22/21 18:29:10,249.6,,
05/22/21 18:29:15,249.6,,
05/22/21 18:29:35,,161.6,
05/22/21 18:29:40,,161.6,154.3
05/22/21 18:29:45,,,154.3
05/22/21 18:30:10,249,,
05/22/21 18:30:15,249,,
05/22/21 18:30:35,,161.6,
05/22/21 18:30:40,,161.6,154.3
05/22/21 18:30:45,,,154.3
05/22/21 18:31:10,249.1,,
05/22/21 18:31:15,249.1,,
05/22/21 18:31:35,,161.6,
05/22/21 18:31:40,,161.6,154.4
05/22/21 18:31:45,,,154.4
05/22/21 18:32:10,249.9,,
05/22/21 18:32:15,249.9,,
05/22/21 18:32:35,,161.6,
05/22/21 18:32:40,,161.6,154.4
05/22/21 18:32:45,,,154.4
05/22/21 18:33:10,250.4,,
05/22/21 18:33:15,250.4,,
05/22/21 18:33:35,,161.6,
05/22/21 18:33:40,,161.6,154.5
05/22/21 18:33:45,,,154.5
05/22/21 18:34:10,250,,
05/22/21 18:34:15,250,,
05/22/21 18:34:35,,161.6,
05/22/21 18:34:40,,161.6,154.5
05/22/21 18:34:45,,,154.5
05/22/21 18:35:10,251.4,,
05/22/21 18:35:15,251.4,,
05/22/21 18:35:20,,161.6,
05/22/21 18:35:25,,161.6,154.6
05/22/21 18:35:30,,,154.6
05/22/21 18:36:10,251.9,,
05/22/21 18:36:15,251.9,,
05/22/21 18:36:20,,161.6,
05/22/21 18:36:25,,161.6,154.6
05/22/21 18:36:30,,,154.6
05/22/21 18:37:10,251.4,,
05/22/21 18:37:15,251.4,,
05/22/21 18:37:20,,161.6,
05/22/21 18:37:25,,161.6,154.6
05/22/21 18:37:30,,,154.6
05/22/21 18:38:10,251.8,,
05/22/21 18:38:15,251.8,,
05/22/21 18:38:20,,161.6,
05/22/21 18:38:25,,161.6,154.7
05/22/21 18:38:30,,,154.7
05/22/21 18:39:10,250.9,,
05/22/21 18:39:15,250.9,,
05/22/21 18:39:20,,161.7,
05/22/21 18:39:25,,161.7,154.7
05/22/21 18:39:30,,,154.7
05/22/21 18:40:10,251.6,,
05/22/21 18:40:15,251.6,,
05/22/21 18:40:35,,161.7,
05/22/21 18:40:40,,161.7,154.8
05/22/21 18:40:45,,,154.8
05/22/21 18:41:10,251.4,,
05/22/21 18:41:15,251.4,,
05/22/21 18:41:35,,161.7,
05/22/21 18:41:40,,161.7,154.8
05/22/21 18:41:45,,,154.8
05/22/21 18:42:10,251.5,,
05/22/21 18:42:15,251.5,,
05/22/21 18:42:35,,161.8,
05/22/21 18:42:40,,161.8,154.8
05/22/21 18:42:45,,,154.8
05/22/21 18:43:10,252,,
05/22/21 18:43:15,252,,
05/22/21 18:43:20,,161.8,
05/22/21 18:43:25,,161.8,154.9
05/22/21 18:43:30,,,154.9
05/22/21 18:44:10,252,,
05/22/21 18:44:15,252,,
05/22/21 18:44:30,,161.8,
05/22/21 18:44:35,,161.8,154.9
05/22/21 18:44:40,,,154.9
05/22/21 18:45:10,251.2,,
05/22/21 18:45:15,251.2,,
05/22/21 18:45:35,,161.8,
05/22/21 18:45:40,,161.8,154.9
05/22/21 18:45:45,,,154.9
05/22/21 18:46:10,249.2,,
05/22/21 18:46:15,249.2,,
05/22/21 18:46:30,,161.8,
05/22/21 18:46:45,,161.8,155
05/22/21 18:46:50,,,155
05/22/21 18:47:10,237.7,,
05/22/21 18:47:15,237.7,,
05/22/21 18:47:30,,161.9,
05/22/21 18:47:40,,161.9,155
05/22/21 18:47:45,,,155
05/22/21 18:48:10,231.2,,
05/22/21 18:48:15,231.2,,
05/22/21 18:48:35,,161.9,
05/22/21 18:48:40,,161.9,155
05/22/21 18:48:45,,,155
05/22/21 18:49:10,228.3,,
05/22/21 18:49:15,228.3,,
05/22/21 18:49:20,,161.9,
05/22/21 18:49:25,,161.9,155.1
05/22/21 18:49:30,,,155.1
05/22/21 18:50:10,227.5,,
05/22/21 18:50:15,227.5,,
05/22/21 18:50:35,,161.9,
05/22/21 18:50:40,,161.9,155.1
05/22/21 18:50:45,,,155.1
05/22/21 18:51:10,227.1,,
05/22/21 18:51:15,227.1,,
05/22/21 18:51:20,,161.9,
05/22/21 18:51:25,,161.9,155.2
05/22/21 18:51:30,,,155.2
05/22/21 18:52:10,227.4,,
05/22/21 18:52:15,227.4,,
05/22/21 18:52:30,,161.9,
05/22/21 18:52:45,,161.9,155.2
05/22/21 18:52:50,,,155.2
05/22/21 18:53:10,227.9,,
05/22/21 18:53:15,227.9,,
05/22/21 18:53:30,,161.9,
05/22/21 18:53:45,,161.9,155.2
05/22/21 18:53:55,,,155.2
05/22/21 18:54:10,228.2,,
05/22/21 18:54:15,228.2,,
05/22/21 18:54:30,,161.9,
05/22/21 18:54:45,,161.9,155.3
05/22/21 18:54:55,,,155.3
05/22/21 18:55:10,228.4,,
05/22/21 18:55:15,228.4,,
05/22/21 18:55:30,,161.9,
05/22/21 18:55:45,,161.9,155.3
05/22/21 18:55:55,,,155.3
05/22/21 18:56:10,229,,
05/22/21 18:56:15,229,,
05/22/21 18:56:30,,161.9,
05/22/21 18:56:45,,161.9,155.3
05/22/21 18:56:55,,,155.3
05/22/21 18:57:10,229.5,,
05/22/21 18:57:15,229.5,,
05/22/21 18:57:30,,161.8,
05/22/21 18:57:45,,161.8,155.4
05/22/21 18:57:55,,,155.4
05/22/21 18:58:10,229.4,,
05/22/21 18:58:15,229.4,,
05/22/21 18:58:30,,161.8,
05/22/21 18:58:45,,161.8,155.4
05/22/21 18:58:55,,,155.4
05/22/21 18:59:10,229.9,,
05/22/21 18:59:15,229.9,,
05/22/21 18:59:30,,161.8,
05/22/21 18:59:45,,161.8,155.4
05/22/21 18:59:55,,,155.4
05/22/21 19:00:10,231.7,,
05/22/21 19:00:15,231.7,,
05/22/21 19:00:30,,161.7,
05/22/21 19:00:45,,161.7,155.4
05/22/21 19:00:55,,,155.4
05/22/21 19:01:10,233.1,,
05/22/21 19:01:15,233.1,,
05/22/21 19:01:30,,161.7,
05/22/21 19:01:45,,161.7,155.5
05/22/21 19:01:55,,,155.5
05/22/21 19:02:10,233.9,,
05/22/21 19:02:15,233.9,,
05/22/21 19:02:30,,161.6,
05/22/21 19:02:45,,161.6,155.5
05/22/21 19:02:55,,,155.5
05/22/21 19:03:10,235.2,,
05/22/21 19:03:15,235.2,,
05/22/21 19:03:30,,161.6,
05/22/21 19:03:45,,161.6,155.5
05/22/21 19:03:55,,,155.5
05/22/21 19:04:10,235.1,,
05/22/21 19:04:15,235.1,,
05/22/21 19:04:30,,161.6,
05/22/21 19:04:45,,161.6,155.5
05/22/21 19:04:55,,,155.5
05/22/21 19:05:10,235.9,,
05/22/21 19:05:15,235.9,,
05/22/21 19:05:30,,161.6,
05/22/21 19:05:45,,161.6,155.5
05/22/21 19:05:55,,,155.5
05/22/21 19:06:10,235.5,,
05/22/21 19:06:15,235.5,,
05/22/21 19:06:30,,161.6,
05/22/21 19:06:45,,161.6,155.5
05/22/21 19:06:55,,,155.5
05/22/21 19:07:10,236.3,,
05/22/21 19:07:15,236.3,,
05/22/21 19:07:35,,161.6,
05/22/21 19:07:40,,161.6,155.6
05/22/21 19:07:45,,,155.6
05/22/21 19:08:10,237.3,,
05/22/21 19:08:15,237.3,,
05/22/21 19:08:35,,161.6,
05/22/21 19:08:45,,161.6,155.6
05/22/21 19:08:55,,,155.6
05/22/21 19:09:10,238.5,,
05/22/21 19:09:15,238.5,,
05/22/21 19:09:30,,161.6,
05/22/21 19:09:45,,161.6,155.6
05/22/21 19:09:55,,,155.6
05/22/21 19:10:10,239.3,,
05/22/21 19:10:15,239.3,,
05/22/21 19:10:35,,161.6,
05/22/21 19:10:40,,161.6,155.6
05/22/21 19:10:45,,,155.6
05/22/21 19:11:10,238.9,,
05/22/21 19:11:15,238.9,,
05/22/21 19:11:35,,161.6,
05/22/21 19:11:45,,161.6,155.6
05/22/21 19:11:55,,,155.6
05/22/21 19:12:10,239.7,,
05/22/21 19:12:15,239.7,,
05/22/21 19:12:30,,161.7,
05/22/21 19:12:45,,161.7,155.6
05/22/21 19:12:55,,,155.6
05/22/21 19:13:10,241.3,,
05/22/21 19:13:15,241.3,,
05/22/21 19:13:30,,161.7,
05/22/21 19:13:45,,161.7,155.6
05/22/21 19:13:55,,,155.6
05/22/21 19:14:10,241.1,,
05/22/21 19:14:15,241.1,,
05/22/21 19:14:30,,161.7,
05/22/21 19:14:45,,161.7,155.6
05/22/21 19:14:55,,,155.6
05/22/21 19:15:10,242.2,,
05/22/21 19:15:15,242.2,,
05/22/21 19:15:25,,161.7,
05/22/21 19:15:35,,161.7,155.6
05/22/21 19:15:45,,,155.6
05/22/21 19:16:10,244,,
05/22/21 19:16:15,244,,
05/22/21 19:16:25,,161.7,
05/22/21 19:16:35,,161.7,155.6
05/22/21 19:16:45,,,155.6
05/22/21 19:17:10,245,,
05/22/21 19:17:15,245,,
05/22/21 19:17:25,,161.7,
05/22/21 19:17:35,,161.7,155.6
05/22/21 19:17:45,,,155.6
05/22/21 19:18:10,245.3,,
05/22/21 19:18:15,245.3,,
05/22/21 19:18:25,,161.7,
05/22/21 19:18:35,,161.7,155.6
05/22/21 19:18:45,,,155.6
05/22/21 19:19:10,245.6,,
05/22/21 19:19:15,245.6,,
05/22/21 19:19:25,,161.7,
05/22/21 19:19:35,,161.7,155.6
05/22/21 19:19:45,,,155.6
05/22/21 19:20:10,246.7,,
05/22/21 19:20:15,246.7,,
05/22/21 19:20:35,,161.7,
05/22/21 19:20:45,,161.7,155.6
05/22/21 19:20:55,,,155.6
05/22/21 19:21:10,247.2,,
05/22/21 19:21:15,247.2,,
05/22/21 19:21:25,,161.8,
05/22/21 19:21:35,,161.8,155.6
05/22/21 19:21:45,,,155.6
05/22/21 19:22:10,248.1,,
05/22/21 19:22:15,248.1,,
05/22/21 19:22:25,,161.8,
05/22/21 19:22:35,,161.8,155.6
05/22/21 19:22:45,,,155.6
05/22/21 19:23:10,247.9,,
05/22/21 19:23:15,247.9,,
05/22/21 19:23:25,,161.8,
05/22/21 19:23:35,,161.8,155.6
05/22/21 19:23:45,,,155.6
05/22/21 19:24:10,247.4,,
05/22/21 19:24:15,247.4,,
05/22/21 19:24:25,,161.8,
05/22/21 19:24:35,,161.8,155.6
05/22/21 19:24:45,,,155.6
05/22/21 19:25:10,246.8,,
05/22/21 19:25:15,246.8,,
05/22/21 19:25:25,,161.8,
05/22/21 19:25:35,,161.8,155.7
05/22/21 19:25:45,,,155.7
05/22/21 19:26:10,247,,
05/22/21 19:26:15,247,,
05/22/21 19:26:25,,161.9,
05/22/21 19:26:35,,161.9,155.7
05/22/21 19:26:45,,,155.7
05/22/21 19:27:10,247.8,,
05/22/21 19:27:15,247.8,,
05/22/21 19:27:25,,161.9,
05/22/21 19:27:35,,161.9,155.7
05/22/21 19:27:45,,,155.7
05/22/21 19:28:10,248.9,,
05/22/21 19:28:15,248.9,,
05/22/21 19:28:25,,162,
05/22/21 19:28:35,,162,155.7
05/22/21 19:28:45,,,155.7
05/22/21 19:29:10,248.6,,
05/22/21 19:29:15,248.6,,
05/22/21 19:29:23,,162,
05/22/21 19:29:35,,162,155.7
05/22/21 19:29:45,,,155.7
05/22/21 19:30:10,247.4,,
05/22/21 19:30:15,247.4,,
05/22/21 19:30:25,,162,
05/22/21 19:30:35,,162,155.7
05/22/21 19:30:45,,,155.7
05/22/21 19:31:10,248.2,,
05/22/21 19:31:15,248.2,,
05/22/21 19:31:25,,162.1,
05/22/21 19:31:35,,162.1,155.8
05/22/21 19:31:45,,,155.8
05/22/21 19:32:10,248.6,,
05/22/21 19:32:15,248.6,,
05/22/21 19:32:25,,162.1,
05/22/21 19:32:35,,162.1,155.8
05/22/21 19:32:45,,,155.8
05/22/21 19:33:10,247.8,,
05/22/21 19:33:15,247.8,,
05/22/21 19:33:25,,162.1,
05/22/21 19:33:35,,162.1,155.8
05/22/21 19:33:45,,,155.8
05/22/21 19:34:10,248,,
05/22/21 19:34:15,248,,
05/22/21 19:34:25,,162.2,
05/22/21 19:34:35,,162.2,155.8
05/22/21 19:34:45,,,155.8
05/22/21 19:35:10,247.7,,
05/22/21 19:35:15,247.7,,
05/22/21 19:35:25,,162.2,
05/22/21 19:35:35,,162.2,155.9
05/22/21 19:35:45,,,155.9
05/22/21 19:36:10,247.1,,
05/22/21 19:36:15,247.1,,
05/22/21 19:36:25,,162.2,
05/22/21 19:36:35,,162.2,155.9
05/22/21 19:36:45,,,155.9
05/22/21 19:37:10,247.7,,
05/22/21 19:37:15,247.7,,
05/22/21 19:37:25,,162.2,
05/22/21 19:37:35,,162.2,155.9
05/22/21 19:37:45,,,155.9
05/22/21 19:38:10,247.1,,
05/22/21 19:38:15,247.1,,
05/22/21 19:38:25,,162.3,
05/22/21 19:38:35,,162.3,156
05/22/21 19:38:45,,,156
05/22/21 19:39:10,246.2,,
05/22/21 19:39:15,246.2,,
05/22/21 19:39:25,,162.3,
05/22/21 19:39:35,,162.3,156
05/22/21 19:39:45,,,156
05/22/21 19:40:10,246.2,,
05/22/21 19:40:15,246.2,,
05/22/21 19:40:25,,162.3,
05/22/21 19:40:35,,162.3,156
05/22/21 19:40:45,,,156
05/22/21 19:41:10,246.3,,
05/22/21 19:41:15,246.3,,
05/22/21 19:41:25,,162.3,
05/22/21 19:41:35,,162.3,156.1
05/22/21 19:41:45,,,156.1
05/22/21 19:42:10,246.6,,
05/22/21 19:42:15,246.6,,
05/22/21 19:42:20,,162.3,
05/22/21 19:42:35,,162.3,156.1
05/22/21 19:42:45,,,156.1
05/22/21 19:43:10,248,,
05/22/21 19:43:15,248,,
05/22/21 19:43:25,,162.4,
05/22/21 19:43:35,,162.4,156.1
05/22/21 19:43:45,,,156.1
05/22/21 19:44:10,247.1,,
05/22/21 19:44:15,247.1,,
05/22/21 19:44:25,,162.4,
05/22/21 19:44:35,,162.4,156.2
05/22/21 19:44:45,,,156.2
05/22/21 19:45:10,247.2,,
05/22/21 19:45:15,247.2,,
05/22/21 19:45:25,,162.4,
05/22/21 19:45:35,,162.4,156.2
05/22/21 19:45:45,,,156.2
05/22/21 19:46:10,247.6,,
05/22/21 19:46:15,247.6,,
05/22/21 19:46:25,,162.5,
05/22/21 19:46:35,,162.5,156.3
05/22/21 19:46:45,,,156.3
05/22/21 19:47:10,246.2,,
05/22/21 19:47:15,246.2,,
05/22/21 19:47:25,,162.5,
05/22/21 19:47:35,,162.5,156.3
05/22/21 19:47:45,,,156.3
05/22/21 19:48:10,245.1,,
05/22/21 19:48:15,245.1,,
05/22/21 19:48:25,,162.6,
05/22/21 19:48:35,,162.6,156.4
05/22/21 19:48:45,,,156.4
05/22/21 19:49:10,244.8,,
05/22/21 19:49:15,244.8,,
05/22/21 19:49:25,,162.6,
05/22/21 19:49:35,,162.6,156.4
05/22/21 19:49:45,,,156.4
05/22/21 19:50:10,244.4,,
05/22/21 19:50:15,244.4,,
05/22/21 19:50:25,,162.6,
05/22/21 19:50:35,,162.6,156.5
05/22/21 19:50:45,,,156.5
05/22/21 19:51:10,243.2,,
05/22/21 19:51:15,243.2,,
05/22/21 19:51:25,,162.6,
05/22/21 19:51:35,,162.6,156.5
05/22/21 19:51:45,,,156.5
05/22/21 19:52:10,242.5,,
05/22/21 19:52:15,242.5,,
05/22/21 19:52:25,,162.7,
05/22/21 19:52:35,,162.7,156.6
05/22/21 19:52:45,,,156.6
05/22/21 19:53:10,242.1,,
05/22/21 19:53:15,242.1,,
05/22/21 19:53:25,,162.7,
05/22/21 19:53:35,,162.7,156.6
05/22/21 19:53:45,,,156.6
05/22/21 19:54:10,241.3,,
05/22/21 19:54:15,241.3,,
05/22/21 19:54:35,,162.7,
05/22/21 19:54:45,,162.7,156.7
05/22/21 19:54:10,,,156.7
05/22/21 19:55:15,239.9,,
05/22/21 19:55:25,239.9,,
05/22/21 19:55:35,,162.8,
05/22/21 19:55:45,,162.8,156.7
05/22/21 19:55:55,,,156.7
05/22/21 19:56:10,239.9,,
05/22/21 19:56:25,239.9,,
05/22/21 19:56:35,,162.8,
05/22/21 19:56:45,,162.8,156.8
05/22/21 19:56:55,,,156.8
05/22/21 19:57:10,239.7,,
05/22/21 19:57:15,239.7,,
05/22/21 19:57:25,,162.8,
05/22/21 19:57:35,,162.8,156.8
05/22/21 19:57:45,,,156.8
05/22/21 19:58:10,239.3,,
05/22/21 19:58:15,239.3,,
05/22/21 19:58:25,,162.9,
05/22/21 19:58:35,,162.9,156.9
05/22/21 19:58:45,,,156.9
05/22/21 19:59:10,239.6,,
05/22/21 19:59:15,239.6,,
05/22/21 19:59:25,,162.9,
05/22/21 19:59:35,,162.9,156.9
05/22/21 19:59:45,,,156.9
05/22/21 20:00:10,240.1,,
05/22/21 20:00:15,240.1,,
05/22/21 20:00:25,,162.9,
05/22/21 20:00:35,,162.9,157
05/22/21 20:00:45,,,157
05/22/21 20:01:10,241.1,,
05/22/21 20:01:15,241.1,,
05/22/21 20:01:25,,162.9,
05/22/21 20:01:35,,162.9,157
05/22/21 20:01:45,,,157
05/22/21 20:02:10,236.6,,
05/22/21 20:02:15,236.6,,
05/22/21 20:02:20,,163,
05/22/21 20:02:25,,163,157.1
05/22/21 20:02:30,,,157.1
05/22/21 20:03:10,233.3,,
05/22/21 20:03:15,233.3,,
05/22/21 20:03:25,,163,
05/22/21 20:03:35,,163,157.1
05/22/21 20:03:45,,,157.1
05/22/21 20:04:10,233.3,,
05/22/21 20:04:15,233.3,,
05/22/21 20:04:25,,163,
05/22/21 20:04:35,,163,157.2
05/22/21 20:04:45,,,157.2
05/22/21 20:05:10,231.1,,
05/22/21 20:05:15,231.1,,
05/22/21 20:05:25,,163,
05/22/21 20:05:35,,163,157.2
05/22/21 20:05:45,,,157.2
05/22/21 20:06:10,230.1,,
05/22/21 20:06:15,230.1,,
05/22/21 20:06:25,,163,
05/22/21 20:06:35,,163,157.3
05/22/21 20:06:45,,,157.3
05/22/21 20:07:10,229.4,,
05/22/21 20:07:15,229.4,,
05/22/21 20:07:25,,163,
05/22/21 20:07:35,,163,157.3
05/22/21 20:07:45,,,157.3
05/22/21 20:08:10,228.4,,
05/22/21 20:08:15,228.4,,
05/22/21 20:08:25,,163,
05/22/21 20:08:35,,163,157.4
05/22/21 20:08:45,,,157.4
05/22/21 20:09:10,228,,
05/22/21 20:09:15,228,,
05/22/21 20:09:25,,163,
05/22/21 20:09:35,,163,157.4
05/22/21 20:09:45,,,157.4
05/22/21 20:10:10,227.9,,
05/22/21 20:10:15,227.9,,
05/22/21 20:10:25,,163,
05/22/21 20:10:35,,163,157.5
05/22/21 20:10:45,,,157.5
05/22/21 20:11:10,228.7,,
05/22/21 20:11:15,228.7,,
05/22/21 20:11:20,,163.1,
05/22/21 20:11:35,,163.1,157.5
05/22/21 20:11:45,,,157.5
05/22/21 20:12:10,228.7,,
05/22/21 20:12:15,228.7,,
05/22/21 20:12:25,,163.1,
05/22/21 20:12:35,,163.1,157.5
05/22/21 20:12:45,,,157.5
05/22/21 20:13:10,227.4,,
05/22/21 20:13:15,227.4,,
05/22/21 20:13:25,,163.2,
05/22/21 20:13:35,,163.2,157.6
05/22/21 20:13:45,,,157.6
05/22/21 20:14:10,229,,
05/22/21 20:14:15,229,,
05/22/21 20:14:25,,163.3,
05/22/21 20:14:35,,163.3,157.6
05/22/21 20:14:45,,,157.6
05/22/21 20:15:10,227.8,,
05/22/21 20:15:15,227.8,,
05/22/21 20:15:25,,163.3,
05/22/21 20:15:35,,163.3,157.6
05/22/21 20:15:45,,,157.6
05/22/21 20:16:10,224.9,,
05/22/21 20:16:15,224.9,,
05/22/21 20:16:25,,163.4,
05/22/21 20:16:35,,163.4,157.7
05/22/21 20:16:45,,,157.7
05/22/21 20:17:10,224.5,,
05/22/21 20:17:15,224.5,,
05/22/21 20:17:25,,163.4,
05/22/21 20:17:35,,163.4,157.7
05/22/21 20:17:45,,,157.7
05/22/21 20:18:10,193.2,,
05/22/21 20:18:15,193.2,,
05/22/21 20:18:25,,173.2,
05/22/21 20:18:35,,173.2,157.8
05/22/21 20:18:45,,,157.8
05/22/21 20:19:10,169.9,,
05/22/21 20:19:15,169.9,,
05/22/21 20:19:25,,177.9,
05/22/21 20:19:35,,177.9,102.8
05/22/21 20:19:45,,,102.8
05/22/21 20:20:10,,178.5,
05/22/21 20:20:15,,178.5,161
05/22/21 20:20:25,,,161
05/22/21 20:25:35,,178,169
05/22/21 20:25:45,,178,169
05/22/21 20:26:10,,177.3,168.8
05/22/21 20:26:15,,177.3,168.8
05/22/21 20:27:10,,176.6,168.5
05/22/21 20:27:15,,176.6,168.5
05/22/21 20:28:10,,176,168.2
05/22/21 20:28:15,,176,168.2
05/22/21 20:29:10,,175.4,167.8
05/22/21 20:29:15,,175.4,167.8
05/22/21 20:30:10,,174.9,167.4
05/22/21 20:30:15,,174.9,167.4
05/22/21 20:31:10,,174.6,167
05/22/21 20:31:15,,174.6,167
05/22/21 20:32:10,,174.4,166.7
05/22/21 20:32:15,,174.4,166.7
05/22/21 20:33:10,,174.3,166.4
05/22/21 20:33:15,,174.3,166.4
05/22/21 20:34:10,,174.4,166.2
05/22/21 20:34:15,,174.4,166.2
05/22/21 20:35:10,,174.5,166
05/22/21 20:35:15,,174.5,166
05/22/21 20:36:10,,174.7,165.9
05/22/21 20:36:15,,174.7,165.9
05/22/21 20:37:10,,175,165.8
05/22/21 20:37:15,,175,165.8
05/22/21 20:38:10,,175.3,165.7
05/22/21 20:38:15,,175.3,165.7
05/22/21 20:39:10,,175.8,165.7
05/22/21 20:39:15,,175.8,165.7
05/22/21 20:40:10,,176.2,165.7
05/22/21 20:40:15,,176.2,165.7
05/22/21 20:41:10,,176.7,165.8
05/22/21 20:41:15,,176.7,165.8
05/22/21 20:42:10,,177.2,165.9
05/22/21 20:42:15,,177.2,165.9
05/22/21 20:43:10,,177.7,166.1
05/22/21 20:43:15,,177.7,166.1
05/22/21 20:44:10,,178.2,166.2
05/22/21 20:44:15,,178.2,166.2
05/22/21 20:45:10,,178.6,166.4
05/22/21 20:45:15,,178.7,166.4
05/22/21 20:45:25,,178.7,166.4
05/22/21 20:46:10,,179.2,166.6
05/22/21 20:46:15,,179.2,166.6
05/22/21 20:47:10,,179.7,166.8
05/22/21 20:47:15,,179.7,166.8
05/22/21 20:48:10,,180.2,167
05/22/21 20:48:15,,180.2,167
05/22/21 20:49:10,,180.8,167.2
05/22/21 20:49:15,,180.8,167.2
05/22/21 20:50:10,,181.2,167.5
05/22/21 20:50:15,,181.2,167.5
05/22/21 20:51:10,,181.7,167.8
05/22/21 20:51:15,,181.7,167.8
05/22/21 20:52:10,,182.1,168
05/22/21 20:52:15,,182.1,168
05/22/21 20:53:10,,182.6,168.3
05/22/21 20:53:15,,182.6,168.3
05/22/21 20:54:10,,183.1,168.6
05/22/21 20:54:15,,183.1,168.6
05/22/21 20:55:10,,183.5,168.9
05/22/21 20:55:15,,183.5,168.9
05/22/21 20:56:10,,184,169.2
05/22/21 20:56:15,,184,169.2
05/22/21 20:57:10,,184.5,169.6
05/22/21 20:57:15,,184.5,169.6
05/22/21 20:58:10,,184.9,169.9
05/22/21 20:58:15,,184.9,169.9
05/22/21 20:59:10,,185.3,170.2
05/22/21 20:59:15,,185.3,170.2
05/22/21 21:00:10,,185.7,170.6
05/22/21 21:00:15,,185.7,170.6
05/22/21 21:01:10,,186,170.9
05/22/21 21:01:15,,186,170.9
05/22/21 21:02:10,,186.3,171.2
05/22/21 21:02:15,,186.3,171.2
05/22/21 21:03:10,,186.6,171.6
05/22/21 21:03:15,,186.6,171.6
05/22/21 21:04:10,,187,171.9
05/22/21 21:04:15,,187,171.9
05/22/21 21:05:10,,187.4,172.3
05/22/21 21:05:15,,187.4,172.3
05/22/21 21:06:10,,187.7,172.7
05/22/21 21:06:15,,187.7,172.7
05/22/21 21:07:10,,188.1,173
05/22/21 21:07:15,,188.1,173
05/22/21 21:08:10,,188.4,173.4
05/22/21 21:08:15,,188.4,173.4
05/22/21 21:09:10,,188.6,173.8
05/22/21 21:09:15,,188.6,173.8
05/22/21 21:10:10,,189,174.2
05/22/21 21:10:15,,189,174.2
05/22/21 21:11:10,,189.2,174.6
05/22/21 21:11:15,,189.2,174.6
05/22/21 21:12:10,,189.5,175
05/22/21 21:12:15,,189.5,175
05/22/21 21:13:10,,189.7,175.4
05/22/21 21:13:15,,189.7,175.4
05/22/21 21:14:10,,190.1,175.8
05/22/21 21:14:15,,190.1,175.8
05/22/21 21:15:10,,190.3,176.3
05/22/21 21:15:15,,190.3,176.3
05/22/21 21:16:10,,190.7,176.7
05/22/21 21:16:15,,190.7,176.7
05/22/21 21:17:10,,191,177.2
05/22/21 21:17:15,,191,177.2
05/22/21 21:18:10,,191.3,177.6
05/22/21 21:18:15,,191.3,177.6
05/22/21 21:19:10,,191.5,178.1
05/22/21 21:19:15,,191.5,178.1
05/22/21 21:20:10,,191.8,178.5
05/22/21 21:20:15,,191.8,178.5
05/22/21 21:21:10,,192.1,178.9
05/22/21 21:21:15,,192.1,178.9
05/22/21 21:22:10,,192.3,179.3
05/22/21 21:22:15,,192.3,179.3
05/22/21 21:23:10,,192.6,179.8
05/22/21 21:23:15,,192.6,179.8
05/22/21 21:24:10,,192.8,180.2
05/22/21 21:24:15,,192.8,180.2
05/22/21 21:25:10,,193.1,180.6
05/22/21 21:25:15,,193.1,180.6
05/22/21 21:26:10,,193.4,181.1
05/22/21 21:26:15,,193.4,181.1
05/22/21 21:27:10,,193.7,181.5
05/22/21 21:27:15,,193.7,181.5
05/22/21 21:28:10,,194,181.9
05/22/21 21:28:15,,194,181.9
05/22/21 21:29:10,,194.2,182.3
05/22/21 21:29:15,,194.2,182.3
05/22/21 21:30:10,,194.4,182.7
05/22/21 21:30:15,,194.4,182.7
05/22/21 21:31:10,,194.6,183.1
05/22/21 21:31:15,,194.6,183.1
05/22/21 21:32:10,,194.9,183.5
05/22/21 21:32:15,,194.9,183.5
05/22/21 21:33:10,,195.2,183.9
05/22/21 21:33:15,,195.2,183.9
05/22/21 21:34:10,,195.4,184.3
05/22/21 21:34:15,,195.4,184.3
05/22/21 21:35:10,,195.7,184.7
05/22/21 21:35:15,,195.7,184.7
05/22/21 21:36:10,,196.1,185.1
05/22/21 21:36:15,,196.1,185.1
05/22/21 21:37:10,,196.3,185.5
05/22/21 21:37:15,,196.3,185.5
05/22/21 21:38:10,,196.7,185.9
05/22/21 21:38:15,,196.7,185.9
05/22/21 21:39:10,,197,186.4
05/22/21 21:39:15,,197,186.4
05/22/21 21:40:10,,197.3,186.8
05/22/21 21:40:15,,197.3,186.8
05/22/21 21:41:10,,197.6,187.2
05/22/21 21:41:15,,197.6,187.2
05/22/21 21:42:10,,198,187.6
05/22/21 21:42:15,,198,187.6
05/22/21 21:43:10,,198.2,188
05/22/21 21:43:15,,198.2,188
05/22/21 21:44:10,,198.6,188.4
05/22/21 21:44:15,,198.6,188.4
05/22/21 21:45:10,,198.9,188.8
05/22/21 21:45:15,,198.9,188.8
05/22/21 21:46:10,,199.2,189.2
05/22/21 21:46:15,,199.2,189.2
05/22/21 21:47:10,,199.5,189.6
05/22/21 21:47:15,,199.5,189.6
05/22/21 21:48:10,,199.9,190
05/22/21 21:48:15,,199.9,190
05/22/21 21:49:10,,200.2,190.4
05/22/21 21:49:15,,200.2,190.4
05/22/21 21:50:10,,200.5,190.8
05/22/21 21:50:15,,200.5,190.8
05/22/21 21:51:10,,200.8,191.2
05/22/21 21:51:15,,200.8,191.2
05/22/21 21:52:10,,201.1,191.6
05/22/21 21:52:15,,201.1,191.6
05/22/21 21:53:10,,201.5,192
05/22/21 21:53:15,,201.5,192
05/22/21 21:54:10,,201.8,192.4
05/22/21 21:54:15,,201.8,192.4
05/22/21 21:55:10,,202,192.8
05/22/21 21:55:15,,202,192.8
05/22/21 21:56:10,,202.4,193.2
05/22/21 21:56:15,,202.4,193.2
05/22/21 21:57:10,,202.6,193.6
05/22/21 21:57:15,,202.6,193.6
05/22/21 21:58:10,,202.9,193.9
05/22/21 21:58:15,,202.9,193.9
05/22/21 21:59:10,,203.2,194.3
05/22/21 21:59:15,,203.2,194.3
05/22/21 21:59:25,,203.3,194.4
05/22/21 21:59:35,,203.3,194.4
05/22/21 22:00:10,,203.5,194.7
05/22/21 22:00:15,,203.5,194.7
05/22/21 22:00:25,,203.6,194.8
05/22/21 22:00:35,,203.6,194.8
05/22/21 22:01:10,,203.7,195
05/22/21 22:01:15,,203.7,195
05/22/21 22:01:25,,203.8,195.2
05/22/21 22:01:35,,203.8,195.2
05/22/21 22:02:10,,204,195.4
05/22/21 22:02:15,,204,195.4
05/22/21 22:02:25,,204.1,195.5
05/22/21 22:02:35,,204.1,195.5
05/22/21 22:03:10,,204.3,195.8
05/22/21 22:03:15,,204.3,195.8
05/22/21 22:03:25,,204.3,195.9
05/22/21 22:03:35,,204.3,195.9
05/22/21 22:04:10,,204.4,196.1
05/22/21 22:04:15,,204.4,196.1
05/22/21 22:04:25,,204.5,196.2
05/22/21 22:04:35,,204.5,196.2
05/22/21 22:05:10,,204.7,196.4
05/22/21 22:05:15,,204.7,196.4
05/22/21 22:05:25,,204.8,196.5
05/22/21 22:05:35,,204.8,196.5
05/22/21 22:06:10,,205,196.8
05/22/21 22:06:15,,205,196.8
05/22/21 22:06:25,,205.1,196.9
05/22/21 22:06:35,,205.1,196.9
05/22/21 22:07:10,,205.2,197.1
05/22/21 22:07:15,,205.2,197.1
05/22/21 22:07:25,,205.3,197.2
05/22/21 22:07:35,,205.3,197.2
05/22/21 22:08:10,,205.5,197.4
05/22/21 22:08:15,,205.5,197.4
05/22/21 22:08:25,,205.5,197.5
05/22/21 22:08:35,,205.5,197.5
05/22/21 22:09:10,,205.7,197.8
05/22/21 22:09:15,,205.7,197.8
05/22/21 22:09:25,,205.8,197.9
05/22/21 22:09:35,,205.8,197.9
05/22/21 22:10:10,,206,198.1
05/22/21 22:10:15,,206,198.1
05/22/21 22:10:25,,206,198.2
05/22/21 22:10:35,,206,198.2
05/22/21 22:11:10,,206.1,198.4
05/22/21 22:11:15,,206.1,198.4
05/22/21 22:11:25,,206.2,198.5
05/22/21 22:11:35,,206.2,198.5
05/22/21 22:12:10,,206.3,198.7
05/22/21 22:12:15,,206.3,198.7
05/22/21 22:12:25,,206.4,198.8
05/22/21 22:12:35,,206.4,198.8
05/22/21 22:13:10,,206.6,199
05/22/21 22:13:15,,206.6,199
05/22/21 22:13:25,,206.7,199.2
05/22/21 22:13:35,,206.7,199.2
05/22/21 22:14:10,,206.8,199.4
05/22/21 22:14:15,,206.8,199.4
05/22/21 22:14:25,,206.8,199.5
05/22/21 22:14:35,,206.8,199.5
05/22/21 22:15:10,,,199.6
05/22/21 22:15:15,,,199.6
05/22/21 22:15:25,,,199.7
05/22/21 22:15:35,,,199.7
05/22/21 22:16:10,,,199.9
05/22/21 22:16:15,,,199.9
05/22/21 22:16:25,,,200
05/22/21 22:16:35,,,200
05/22/21 22:17:10,,,200.3
05/22/21 22:17:15,,,200.3
05/22/21 22:17:25,,,200.4
05/22/21 22:17:35,,,200.4
05/22/21 22:18:10,,,200.6
05/22/21 22:18:15,,,200.6
05/22/21 22:18:25,,,200.7
05/22/21 22:18:35,,,200.7
05/22/21 22:19:10,,,200.8
05/22/21 22:19:15,,,200.8
05/22/21 22:19:25,,,200.9
05/22/21 22:19:35,,,200.9
05/22/21 22:20:10,,,201.1
05/22/21 22:20:15,,,201.1
05/22/21 22:20:25,,,201.2
05/22/21 22:20:35,,,201.2
05/22/21 22:21:10,,,201.4
05/22/21 22:21:15,,,201.4
05/22/21 22:21:25,,,201.5
05/22/21 22:21:35,,,201.6
05/22/21 22:21:45,,,201.6
05/22/21 22:22:10,,,201.6
05/22/21 22:22:15,,,201.6
05/22/21 22:22:25,,,201.8
05/22/21 22:22:35,,,201.8
05/22/21 22:22:45,,,201.9
05/22/21 22:22:50,,,201.9
05/22/21 22:22:55,,,201.9
05/22/21 22:23:10,,,201.9
05/22/21 22:23:15,,,202
05/22/21 22:23:25,,,202
05/22/21 22:23:35,,,202.2
05/22/21 22:23:45,,,202.2
05/22/21 22:23:50,,,202.2
05/22/21 22:24:10,,,202.2
05/22/21 22:24:15,,,202.4
05/22/21 22:24:25,,,202.4
05/22/21 22:24:35,,,202.5
05/22/21 22:24:45,,,202.5
05/22/21 22:24:55,,,202.5
05/22/21 22:25:10,,,202.5
05/22/21 22:25:15,,,202.7
05/22/21 22:25:20,,,202.7
05/22/21 22:25:25,,,202.8
05/22/21 22:25:35,,,202.8
05/22/21 22:25:45,,,202.8
05/22/21 22:26:10,,,202.8
05/22/21 22:26:15,,,203
05/22/21 22:26:25,,,203
05/22/21 22:26:35,,,203.1
05/22/21 22:26:45,,,203.1
05/22/21 22:26:55,,,203.1
05/22/21 22:27:10,,,203.1
